2016,10590,-1,20706,0,1.2
2017,10491,-1,15979,0,1.2
2017,11291,1,30989,0,1.2
2017,10891,-1,16650,0,1.2
2016,10000,-1,16529,0,1.2
2016,9000,-1,24312,0,1.0
2015,10000,-1,22908,0,1.2
2019,18493,1,5421,0,2.0
2016,11495,1,20000,0,1.2
2014,10000,1,14500,0,1.2
2015,6395,-1,61079,0,1.0
2017,9490,-1,27147,0,1.2
2014,7990,-1,23500,0,1.0
2016,11791,1,19871,0,1.2
2014,9491,1,26599,0,1.4
2016,11495,0,4383,0,1.2
2016,8795,-1,19000,0,1.0
2016,9498,-1,16088,0,1.0
2017,9750,-1,28228,0,1.2
2019,16995,-1,1758,0,1.0
2017,9995,-1,23655,0,1.2
2015,8495,-1,22731,0,1.0
2016,9495,-1,31725,0,1.0
2017,9495,-1,20084,0,1.0
2016,8795,-1,48000,0,1.2
2017,9695,-1,14735,0,1.0
2017,9495,-1,28994,0,1.0
2016,11698,0,4937,0,1.2
2016,9498,-1,21818,0,1.0
2017,10995,-1,9045,0,1.0
2016,8995,-1,16822,0,1.0
2017,11295,-1,22357,0,1.2
2019,11995,-1,4210,0,1.0
2019,12695,-1,3149,0,1.0
2019,11995,-1,3500,0,1.0
2017,10295,-1,34030,0,1.2
2017,11295,-1,7279,0,1.0
2017,11695,-1,9126,0,1.2
2019,11995,-1,3112,0,1.0
2019,14995,-1,565,0,1.0
2019,14995,-1,10,0,1.0
2019,15895,-1,1036,0,1.0
2019,15485,-1,10,0,1.0
2019,15895,-1,3323,0,1.0
2019,15985,-1,3205,0,1.0
2020,16285,-1,10,0,1.0
2016,9295,-1,15322,0,1.0
2016,9795,-1,20930,0,1.0
2016,8995,-1,31203,0,1.0
2017,9298,-1,31553,0,1.0
2017,10995,-1,16362,0,1.2
2018,12995,-1,2665,0,1.0
2019,14995,-1,2042,0,1.0
2017,10998,-1,19864,0,1.2
2017,11698,-1,13015,0,1.2
2019,15985,-1,2576,0,1.0
2019,14985,-1,791,0,1.0
2016,10995,-1,10768,1,1.4
2019,14485,-1,5771,0,1.0
2019,12485,-1,3453,0,1.0
2019,15985,-1,1606,0,1.0
2019,15985,-1,2057,0,1.0
2016,8995,-1,26561,0,1.0
2019,13995,-1,2163,0,1.0
2019,14485,-1,1984,0,1.0
2016,9495,-1,24500,0,1.2
2017,11495,-1,19560,0,1.0
2016,9995,0,40200,0,1.2
2019,13885,-1,2133,0,1.0
2019,14495,-1,1268,0,1.0
2017,12298,0,11031,0,1.2
2016,10400,-1,37000,0,1.0
2015,8500,-1,24162,1,1.4
2018,12000,-1,21998,0,1.0
2018,12495,-1,16800,0,1.0
2018,11998,-1,3582,0,1.0
2018,13885,-1,5362,0,1.0
2015,8690,-1,33405,0,1.2
2017,9995,-1,26122,0,1.2
2016,13995,-1,18808,0,1.8
2017,12995,0,13525,0,1.2
2013,6995,-1,27790,0,1.2
2013,6298,-1,29369,0,1.2
2020,18295,0,10,0,1.0
2017,10295,-1,15215,0,1.0
2019,16895,-1,1631,0,1.0
2019,16495,-1,2550,0,1.0
2016,8995,-1,17500,0,1.0
2015,12495,-1,9142,0,1.4
2016,9995,-1,29605,0,1.2
2017,10495,-1,18171,0,1.2
2019,14790,-1,5000,0,1.0
2017,9495,-1,36647,0,1.2
2019,12485,-1,3286,0,1.0
2019,13485,-1,3004,0,1.0
2019,15790,-1,4500,0,1.0
2019,14990,-1,4500,0,1.0
2019,14490,-1,4500,0,1.0
2016,9995,-1,27303,0,1.2
2016,7995,-1,41099,0,1.0
2017,7790,-1,51376,1,1.4
2019,13990,-1,7155,0,1.0
2019,14290,-1,5000,0,1.0
2019,12990,-1,5000,0,1.0
2016,9290,-1,29742,0,1.2
2019,14290,-1,5000,0,1.0
2019,13290,-1,5000,0,1.0
2020,18490,-1,10,0,1.0
2015,10790,0,20062,0,1.0
2015,8190,-1,54201,0,1.2
2017,9790,-1,22261,0,1.0
2017,13490,0,11494,0,1.2
2018,12290,-1,8766,0,1.0
2015,9790,-1,27099,0,1.2
2020,16990,-1,10,0,1.0
2017,10498,-1,12081,0,1.0
2014,7698,-1,7672,0,1.0
2015,7698,-1,32632,0,1.0
2014,6498,-1,50426,0,1.0
2017,10290,-1,10831,0,1.0
2018,12290,-1,5257,0,1.0
2018,11495,-1,17171,0,1.0
2016,10495,-1,13910,0,1.2
2019,15790,0,5000,0,1.0
2015,10490,1,18853,0,1.2
2016,11990,0,17011,0,1.0
2019,16790,-1,2500,0,1.0
2017,9495,-1,21857,0,1.0
2020,17290,-1,10,0,1.0
2018,12695,-1,12993,0,1.0
2019,11495,-1,4303,0,1.0
2017,9790,-1,26337,0,1.2
2019,15990,0,2711,0,1.0
2017,10498,-1,11288,0,1.0
2015,7998,-1,24504,0,1.0
2016,8498,-1,23111,0,1.0
2013,5998,-1,39296,0,1.2
2016,8795,-1,41586,0,1.2
2018,13895,-1,7327,0,1.0
2019,14950,-1,11,1,1.6
2019,14950,-1,46,1,1.6
2019,14950,-1,8,1,1.6
2019,14950,-1,77,1,1.6
2019,14950,-1,74,1,1.6
2019,13395,-1,14776,0,1.0
2017,11999,0,17120,0,1.2
2020,17999,0,1452,0,1.0
2015,5995,-1,55644,0,1.0
2015,11995,-1,37164,0,1.8
2017,9698,-1,27111,1,1.4
2016,9298,-1,19352,0,1.2
2017,9498,-1,23058,0,1.0
2016,10799,-1,25520,0,1.0
2016,10999,0,20856,0,1.2
2018,16999,0,22923,0,2.0
2017,10495,-1,11508,0,1.0
2017,13495,0,6317,0,1.2
2017,9995,-1,15218,0,1.0
2017,10250,-1,20991,0,1.0
2018,11295,-1,17306,0,1.0
2019,18299,0,5407,0,2.0
2016,9799,-1,32928,0,1.2
2017,10495,-1,18744,0,1.0
2016,10495,-1,25476,0,1.0
2016,9250,-1,16921,0,1.0
2017,10495,-1,27785,0,1.2
2020,13995,-1,3168,0,1.0
2017,12995,0,12000,0,1.2
2018,12995,-1,7997,0,1.0
2016,10495,0,33958,0,1.2
2017,11588,-1,9718,0,1.2
2017,9495,-1,23260,0,1.0
2017,11495,-1,28221,1,1.4
2016,9495,-1,28404,1,1.4
2018,15495,-1,7257,0,1.0
2017,13000,-1,16153,0,1.8
2014,7000,-1,20048,0,1.0
2017,13495,0,6317,0,1.2
2016,9250,-1,16921,0,1.0
2017,12995,0,12000,0,1.2
2017,11495,-1,28221,1,1.4
2016,10495,-1,25476,0,1.0
2018,12995,-1,7997,0,1.0
2016,10495,0,33958,0,1.2
2017,10495,-1,18744,0,1.0
2016,12695,0,26278,0,1.4
2017,8995,-1,12301,0,1.0
2018,16995,0,16940,0,2.0
2016,8798,-1,17399,0,1.0
2019,15995,-1,6781,0,1.0
2019,11990,-1,12042,0,1.0
2017,9495,-1,23260,0,1.0
2017,10495,-1,27785,0,1.2
2020,13995,-1,3168,0,1.0
2018,11295,-1,17306,0,1.0
2018,10490,-1,28200,0,1.0
2019,17990,0,6728,0,2.0
2018,15495,-1,7257,0,1.0
2016,9495,-1,28404,1,1.4
2018,14995,0,9535,0,1.0
2016,9698,-1,15512,0,1.0
2017,10995,-1,26610,0,1.2
2016,9298,-1,31516,0,1.2
2016,6790,-1,51002,0,1.0
2018,11990,-1,17654,0,1.0
2020,15990,-1,752,1,1.6
2016,8998,-1,21276,0,1.0
2017,9498,-1,25567,0,1.2
2018,14995,0,9535,0,1.0
2014,6472,-1,45622,0,1.2
2017,9998,-1,23739,0,1.0
2015,8498,-1,38502,0,1.2
2019,15495,0,5136,0,1.0
2016,10450,-1,18919,0,1.2
2019,13495,-1,6789,0,1.0
2017,10495,-1,29358,0,1.2
2018,13295,-1,16283,0,1.0
2014,8298,0,52651,0,1.2
2016,8298,-1,42401,0,1.2
2017,11995,0,31423,0,1.2
2019,15495,-1,1000,1,1.6
2016,12698,0,28135,0,1.4
2018,12495,-1,19000,0,1.0
2017,11995,0,31423,0,1.2
2015,8698,-1,24208,0,1.2
2019,19498,0,5505,0,2.0
2019,13495,-1,6789,0,1.0
2017,10495,-1,29358,0,1.2
2018,13295,-1,16283,0,1.0
2019,13995,-1,1000,0,1.0
2019,13995,-1,1000,0,1.0
2018,12495,-1,19000,0,1.0
2016,8498,-1,26001,0,1.0
2017,9998,-1,22785,0,1.0
2020,11995,-1,18754,0,1.0
2017,9998,-1,26022,0,1.0
2017,11998,0,15209,0,1.2
2016,8698,-1,33098,0,1.0
2017,8298,-1,23252,0,1.0
2017,12698,-1,38020,0,1.8
2016,8998,-1,21998,0,1.0
2015,7998,-1,16216,0,1.0
2019,15495,-1,1000,1,1.6
2015,7498,-1,22208,0,1.0
2017,9698,-1,32233,0,1.2
2016,8295,-1,29391,0,1.0
2015,8498,-1,22863,0,1.0
2016,8498,-1,29577,0,1.0
2013,6498,-1,37047,0,1.2
2016,8998,-1,17763,0,1.0
2016,10298,-1,33409,0,1.0
2016,9998,-1,17249,0,1.2
2017,10498,-1,5341,0,1.0
2017,9998,-1,23858,0,1.0
2014,7298,-1,38201,0,1.0
2016,10298,-1,23121,1,1.4
2014,8998,0,32164,0,1.2
2014,6998,-1,61324,0,1.2
2016,10998,-1,16501,0,1.2
2016,13498,0,18344,0,1.4
2016,8698,-1,18111,0,1.0
2017,10498,-1,22778,0,1.2
2016,11998,-1,11628,0,1.0
2016,9498,-1,15115,0,1.2
2016,9298,-1,16609,0,1.0
2017,9698,-1,21136,0,1.0
2017,9998,-1,23500,0,1.2
2014,10998,-1,23331,0,1.4
2017,13998,0,13349,0,1.4
2016,8498,-1,37763,0,1.2
2016,9498,-1,7157,0,1.0
2016,11998,-1,31250,0,1.8
2016,10298,-1,15454,0,1.2
2017,14998,0,20521,0,1.8
2016,8998,-1,26771,0,1.2
2016,9898,-1,11083,0,1.2
2014,4998,-1,65383,0,1.2
2016,11498,-1,29945,0,1.4
2014,7998,-1,27284,0,1.2
2014,7298,-1,44627,0,1.0
2017,10498,-1,18683,0,1.0
2014,8998,-1,55101,0,1.4
2016,9498,-1,20150,0,1.2
2017,9698,-1,21001,0,1.0
2015,8711,-1,33955,0,1.2
2017,10917,-1,13735,0,1.2
2017,9000,-1,22232,0,1.0
2016,9545,-1,20701,0,1.2
2016,8561,-1,31970,0,1.0
2016,12698,0,12494,0,1.4
2017,9498,-1,25181,0,1.0
2017,9798,-1,17512,0,1.0
2017,10495,-1,7650,0,1.2
2016,8495,-1,44000,0,1.2
2017,10495,-1,30422,0,1.2
2017,9698,-1,14721,0,1.0
2015,8650,-1,23723,1,1.4
2016,10498,-1,15803,0,1.2
2016,8995,-1,23336,0,1.2
2018,11995,-1,10100,0,1.0
2019,18995,0,3200,0,2.0
2017,9795,-1,16822,0,1.2
2017,9995,-1,26772,0,1.2
2017,9495,-1,33390,0,1.2
2017,10495,-1,20000,0,1.2
2017,10795,-1,12375,0,1.2
2017,10998,-1,13813,0,1.2
2016,9698,-1,15016,0,1.0
2017,10298,-1,39121,0,1.2
2017,9495,-1,23361,0,1.2
2013,5998,-1,50125,0,1.2
2015,8998,-1,10803,0,1.2
2016,8698,-1,30557,0,1.2
2017,10298,-1,16430,0,1.0
2016,9998,-1,8090,0,1.0
2016,9320,-1,24081,0,1.0
2016,8498,-1,37715,0,1.2
2015,8998,-1,7121,0,1.2
2018,12498,-1,6345,0,1.0
2018,12491,0,21900,0,1.0
2017,11491,-1,15015,0,1.2
2016,10510,-1,34490,0,1.2
2016,8998,-1,11305,0,1.0
2017,9498,-1,25158,0,1.0
2018,10891,-1,12305,0,1.0
2017,11291,-1,9589,0,1.2
2018,10730,-1,4571,0,1.0
2017,11540,-1,17830,0,1.2
2015,9298,-1,19861,0,1.2
2017,9795,-1,28270,0,1.2
2017,10298,-1,10500,0,1.0
2016,8898,-1,13928,0,1.0
2019,12998,-1,14732,1,1.6
2015,6798,-1,52539,0,1.0
2017,11298,-1,15250,1,1.4
2016,8998,-1,18750,0,1.0
2016,10498,-1,9798,0,1.2
2019,11998,-1,2309,0,1.0
2017,9698,-1,17391,0,1.0
2017,9600,-1,31030,0,1.2
2016,9500,-1,32340,0,1.2
2018,13698,-1,17426,0,1.0
2016,8298,-1,28445,0,1.0
2015,6998,-1,45378,0,1.0
2015,8198,-1,23102,0,1.0
2016,9998,-1,22057,0,1.2
2016,8998,-1,33401,0,1.2
2014,7498,-1,27541,0,1.0
2017,9998,-1,28298,0,1.2
2016,8698,-1,31144,0,1.0
2016,9998,-1,24989,0,1.2
2016,9298,-1,21762,0,1.2
2017,11498,-1,1861,0,1.0
2019,12998,-1,16009,1,1.6
2015,6998,-1,40310,0,1.0
2017,8998,-1,17602,0,1.0
2014,7798,-1,32692,0,1.2
2017,10230,-1,4562,0,1.2
2017,11260,0,16887,0,1.2
2016,10298,-1,8812,0,1.2
2014,6950,-1,39589,0,1.0
2016,8489,-1,41123,0,1.0
2017,9389,-1,35354,0,1.0
2016,9989,-1,26298,0,1.2
2017,11489,-1,9310,0,1.2
2017,10989,-1,22442,0,1.2
2020,16489,-1,3800,1,1.6
2018,10498,-1,20990,0,1.0
2016,9698,-1,22037,1,1.4
2017,9450,-1,60000,1,1.4
2018,12489,-1,17137,0,1.0
2016,9489,-1,30181,0,1.0
2016,8989,-1,25619,0,1.0
2019,13489,-1,2800,0,1.0
2018,11989,-1,10100,0,1.0
2016,9589,-1,9476,0,1.0
2019,15489,-1,5848,1,1.6
2017,11289,-1,7591,0,1.2
2017,10489,-1,26115,0,1.2
2020,15989,-1,2800,0,1.0
2017,9689,-1,42163,0,1.2
2015,12489,-1,16851,0,1.4
2016,8989,-1,31955,0,1.2
2016,9489,-1,33581,0,1.2
2018,11989,-1,16991,0,1.0
2014,8489,-1,29433,0,1.2
2017,10989,-1,9200,0,1.0
2015,8989,-1,19672,0,1.2
2016,10489,-1,29581,0,1.2
2013,6850,-1,46013,0,1.2
2014,10489,0,13941,0,1.2
2019,18989,0,2658,0,2.0
2017,10300,-1,15363,0,1.2
2019,19489,0,9053,0,2.0
2015,7795,-1,40500,0,1.2
2019,18989,0,2658,0,2.0
2017,14789,-1,22760,0,1.8
2016,7950,-1,43920,0,1.2
2016,8495,-1,30343,0,1.2
2015,8998,-1,24488,0,1.2
2016,8998,-1,22412,0,1.2
2013,6498,-1,31400,0,1.4
2016,8495,-1,37889,1,1.4
2015,7898,-1,29768,0,1.0
2017,10690,-1,17329,1,1.4
2017,12495,0,23122,0,1.2
2016,13289,-1,37929,0,1.8
2016,8491,-1,24343,0,1.0
2015,8998,-1,13795,0,1.2
2015,7298,-1,30622,0,1.0
2015,8498,-1,27910,0,1.0
2015,7698,-1,41674,0,1.2
2019,12988,-1,8561,0,1.0
2016,9995,-1,7124,0,1.2
2017,9183,-1,30801,0,1.2
2017,9498,-1,33055,0,1.2
2017,9998,-1,30687,1,1.4
2017,9998,-1,16974,0,1.0
2016,9998,-1,18197,0,1.0
2016,7998,-1,49423,0,1.2
2015,7998,-1,27286,0,1.0
2017,9798,-1,24219,0,1.2
2016,10998,-1,42317,0,1.4
2015,8498,-1,31762,0,1.2
2015,6498,-1,45741,0,1.0
2017,9798,-1,15773,0,1.0
2015,9040,-1,20076,0,1.2
2015,8495,-1,14242,0,1.2
2016,8698,-1,20686,0,1.0
2015,8498,-1,35155,0,1.2
2017,10298,-1,21899,0,1.2
2016,8998,-1,28990,0,1.0
2017,10998,-1,11718,0,1.0
2016,8998,-1,21438,0,1.0
2013,4998,-1,68943,0,1.2
2017,14998,0,10727,0,1.4
2013,4995,-1,46350,0,1.2
2016,9498,-1,13620,0,1.0
2017,10298,-1,25383,0,1.2
2017,8998,-1,16701,0,1.0
2017,9798,-1,23492,0,1.2
2017,9998,-1,10283,0,1.0
2017,13498,0,3295,0,1.2
2017,12498,-1,11001,0,1.0
2017,10991,-1,12274,0,1.2
2015,9591,-1,26261,0,1.2
2016,12998,0,23268,0,1.4
2015,6991,-1,33000,0,1.0
2018,13291,-1,20944,0,1.0
2018,12491,-1,12000,0,1.0
2017,10191,-1,35443,0,1.2
2017,12291,0,18262,0,1.2
2016,9991,-1,19000,0,1.0
2016,10391,-1,11067,0,1.0
2017,11391,-1,10793,0,1.2
2017,11491,-1,16789,0,1.2
2016,9991,-1,33297,0,1.2
2017,10991,-1,13515,0,1.2
2016,12391,-1,18138,0,1.4
2019,14991,-1,2000,1,1.6
2017,10491,-1,20412,0,1.0
2017,10491,-1,22416,0,1.0
2020,16391,-1,1000,1,1.6
2019,15891,0,1941,0,1.0
2017,10491,-1,13757,0,1.0
2015,7698,-1,32790,0,1.0
2014,6998,-1,42573,0,1.0
2017,10991,-1,24979,1,1.4
2016,9991,-1,27934,0,1.2
2016,9991,-1,36985,0,1.2
2016,12391,0,18978,0,1.2
2016,10491,-1,15724,0,1.0
2018,17650,0,13861,0,2.0
2015,8298,-1,29091,0,1.0
2018,12991,-1,13153,0,1.0
2016,8250,-1,47905,0,1.0
2015,7995,-1,28386,0,1.0
2016,7995,-1,57994,0,1.2
2016,8895,-1,50952,1,1.4
2017,9995,-1,40061,1,1.4
2018,13291,-1,13095,0,1.0
2017,9995,-1,22749,0,1.0
2018,10995,-1,5407,0,1.0
2019,19450,1,1000,0,1.0
2017,11750,0,27500,0,1.2
2015,9550,0,33000,0,1.2
2016,8495,-1,16551,0,1.0
2017,10291,-1,23160,0,1.0
2013,5491,-1,39873,0,1.2
2016,8495,-1,36204,0,1.0
2016,8995,-1,22352,0,1.0
2016,8495,-1,57876,0,1.2
2017,13498,-1,22370,0,1.8
2017,8498,-1,50564,0,1.0
2016,8995,-1,44042,0,1.2
2017,13495,-1,25757,0,1.8
2015,7800,-1,40809,0,1.2
2014,10295,1,34554,0,1.4
2019,13745,-1,7971,0,1.0
2014,6995,-1,51819,0,1.4
2019,12750,-1,9066,0,1.0
2015,7995,-1,21561,0,1.0
2015,7250,-1,59162,0,1.0
2016,8995,-1,29925,0,1.0
2016,8495,-1,25748,0,1.0
2016,8995,-1,29974,0,1.0
2016,9995,-1,28753,0,1.2
2014,7995,0,51000,0,1.2
2017,10495,0,43174,0,1.2
2016,7990,-1,45055,0,1.0
2016,8995,-1,45371,1,1.4
2016,7950,-1,48610,1,1.4
2017,12495,0,35276,0,1.4
2015,10750,-1,26811,0,1.4
2019,14695,-1,20964,0,1.0
2019,14775,-1,99,1,1.6
2018,12495,-1,18584,0,1.0
2018,14895,-1,5693,0,1.0
2017,11995,0,8260,0,1.2
2019,16495,0,7357,0,1.0
2017,12995,0,7479,0,1.2
2017,9795,-1,27868,1,1.4
2019,15591,0,6419,0,1.0
2017,9950,-1,17500,0,1.2
2019,13250,-1,14761,0,1.0
2016,9995,-1,20074,0,1.2
2016,9998,-1,11685,0,1.0
2019,12995,-1,11368,0,1.0
2017,7600,-1,36578,0,1.0
2016,12495,-1,15093,0,1.0
2017,10798,-1,13589,0,1.2
2018,14450,-1,5256,0,1.0
2016,10430,-1,18505,0,1.2
2017,11820,1,8319,0,1.2
2017,9698,-1,11728,0,1.0
2019,12995,-1,5752,0,1.0
2014,5995,-1,60125,0,1.0
2017,8600,-1,57909,0,1.2
2018,13580,-1,5241,0,1.0
2019,12995,-1,8275,0,1.0
2019,12995,-1,8508,0,1.0
2019,12995,-1,11756,0,1.0
2019,14295,-1,14533,0,1.0
2013,7298,-1,48494,0,1.2
2017,10298,-1,12278,0,1.0
2017,11490,-1,14629,0,1.2
2018,12998,-1,12969,0,1.0
2016,8998,-1,23824,0,1.2
2018,11480,-1,12353,0,1.0
2016,8110,-1,27155,0,1.0
2018,9998,-1,15425,0,1.0
2017,7998,-1,42727,0,1.0
2015,7298,-1,56000,0,1.2
2017,9698,-1,32000,0,1.2
2017,8750,-1,19214,0,1.0
2016,10498,-1,19721,0,1.2
2017,10120,-1,9892,0,1.0
2013,6770,-1,39404,0,1.2
2017,9120,-1,40916,1,1.4
2017,11998,-1,12635,0,1.2
2017,9498,-1,27014,0,1.0
2018,11990,-1,11737,0,1.0
2017,10177,-1,17580,0,1.2
2017,10995,-1,18696,0,1.0
2018,11995,-1,17077,0,1.0
2016,8491,-1,38727,0,1.0
2017,10499,-1,15065,0,1.2
2019,13495,-1,8348,0,1.0
2017,10995,-1,20947,0,1.0
2015,8500,-1,44949,1,1.4
2016,10500,0,29235,0,1.2
2016,6299,-1,64229,0,1.0
2016,8650,-1,32800,0,1.0
2017,9995,-1,42383,0,1.2
2018,14995,-1,6349,0,1.0
2016,10995,-1,20125,0,1.2
2017,9995,-1,40020,0,1.0
2016,9495,-1,32179,0,1.0
2016,10995,-1,36954,0,1.2
2017,10995,-1,26753,0,1.2
2016,8995,-1,24564,0,1.0
2015,8995,-1,39226,0,1.2
2015,7495,-1,43430,0,1.0
2015,8995,-1,24857,0,1.2
2016,9995,-1,37800,0,1.2
2016,9995,-1,34479,0,1.2
2017,9995,-1,27822,0,1.0
2017,10495,-1,13650,0,1.0
2016,8995,-1,23394,0,1.0
2017,8995,-1,28221,0,1.0
2017,10400,-1,32577,0,1.2
2020,13999,-1,5000,0,1.0
2017,8995,-1,18519,0,1.0
2017,9995,-1,22024,0,1.0
2017,10995,-1,15014,0,1.0
2020,13999,-1,5000,0,1.0
2020,13999,-1,5000,0,1.0
2020,13999,-1,5000,0,1.0
2020,14999,-1,5000,0,1.0
2017,9499,-1,31783,0,1.2
2018,13000,0,29638,0,1.0
2019,12999,-1,8610,0,1.0
2017,10499,-1,17500,0,1.2
2019,12999,-1,7604,0,1.0
2019,12999,-1,1640,0,1.0
2015,8000,-1,26884,0,1.0
2016,8299,-1,31500,0,1.0
2017,10599,-1,25080,0,1.2
2019,11999,-1,8200,0,1.0
2019,12999,-1,7241,0,1.0
2019,12999,-1,8804,0,1.0
2015,11099,-1,33500,0,1.8
2016,8299,-1,45648,0,1.0
2016,7999,-1,62160,0,1.2
2017,8999,-1,29930,0,1.0
2020,14499,-1,5000,0,1.0
2019,13999,-1,5000,0,1.0
2019,12299,-1,6240,0,1.0
2019,12999,-1,8115,0,1.0
2017,9999,-1,29364,0,1.2
2019,12999,-1,9570,0,1.0
2019,12999,-1,8441,0,1.0
2016,8999,-1,21510,0,1.0
2017,9360,-1,18062,0,1.0
2016,7958,-1,31665,0,1.2
2014,6892,-1,33733,0,1.0
2017,9990,-1,13042,0,1.0
2016,10490,-1,37000,0,1.2
2018,12190,-1,26951,0,1.0
2016,7995,-1,42589,0,1.0
2014,6995,-1,44250,0,1.2
2017,10495,-1,23432,0,1.2
2017,9495,-1,33019,0,1.2
2014,7495,-1,30990,0,1.4
2013,5995,-1,41000,0,1.2
2016,10995,0,15028,0,1.2
2017,9500,-1,33300,0,1.2
2017,11995,-1,30474,0,1.4
2020,18495,0,5129,0,1.0
2016,9495,-1,48511,0,1.2
2018,12995,-1,15096,0,1.0
2017,11495,-1,15438,0,1.0
2017,10995,-1,21243,0,1.2
2017,10995,-1,12915,0,1.2
2020,15495,0,5127,0,1.0
2019,18995,0,2572,0,2.0
2014,6765,-1,52304,0,1.0
2015,8965,-1,22208,0,1.0
2019,15965,-1,4750,0,1.0
2016,8965,-1,14827,0,1.0
2017,10510,-1,17137,0,1.2
2017,9917,-1,14427,0,1.2
2017,9600,-1,36185,1,1.4
2019,13999,-1,5000,0,1.0
2016,9465,-1,30000,0,1.0
2018,9995,-1,41545,0,1.0
2017,9765,-1,39913,1,1.4
2017,11499,-1,9000,0,1.2
2017,10099,-1,32997,0,1.2
2017,8465,-1,35000,0,1.0
2019,12965,-1,12506,0,1.0
2017,8965,-1,31378,0,1.0
2017,11465,-1,21400,0,1.2
2017,10965,-1,21028,0,1.2
2019,15465,-1,3240,0,1.0
2015,8465,-1,52119,0,1.2
2016,7995,-1,31000,0,1.0
2020,13965,-1,100,0,1.0
2020,14965,-1,100,0,1.0
2018,10900,-1,6253,0,1.0
2018,12299,-1,22076,0,1.0
2017,9890,-1,24867,1,1.4
2019,13499,-1,4669,1,1.6
2017,12999,0,31243,0,1.4
2015,8500,-1,44949,1,1.4
2015,8699,-1,28552,0,1.2
2017,10399,-1,22921,0,1.2
2016,8299,-1,44856,0,1.2
2016,8999,-1,24500,0,1.0
2016,8699,-1,17000,0,1.0
2019,18999,0,6204,0,2.0
2016,9999,-1,27392,0,1.2
2016,9299,-1,21277,0,1.0
2019,15399,-1,7608,0,1.0
2016,9799,-1,13359,0,1.2
2019,14699,-1,3849,0,1.0
2019,14999,-1,2999,0,1.0
2018,12660,-1,22806,0,1.0
2018,12599,-1,3384,0,1.0
2017,8999,-1,35304,0,1.0
2014,7298,-1,33904,0,1.0
2016,10298,-1,10801,0,1.0
2016,9495,-1,25000,0,1.0
2019,20995,0,3000,0,2.0
2017,10995,-1,14000,0,1.0
2017,11495,-1,15500,0,1.2
2017,9999,-1,24430,0,1.2
2017,12599,-1,9500,0,1.4
2018,11995,-1,9000,0,1.0
2017,8999,-1,24181,0,1.0
2019,19999,0,3389,0,2.0
2019,14999,-1,2,0,1.0
2013,6599,-1,28713,0,1.2
2016,8399,-1,31128,0,1.2
2017,10995,-1,24000,0,1.2
2017,9995,-1,32000,0,1.2
2017,11995,-1,5000,0,1.2
2019,15995,-1,8000,0,1.0
2017,10995,-1,8129,0,1.0
2019,15995,0,3500,0,1.0
2019,19999,0,3694,0,2.0
2018,12040,-1,16178,0,1.0
2015,7995,-1,31000,0,1.0
2015,8995,-1,15000,0,1.2
2019,13495,-1,2000,0,1.0
2017,11495,-1,14562,0,1.2
2018,15995,-1,15002,0,1.8
2019,16495,-1,2187,0,1.0
2016,8495,-1,19840,0,1.0
2015,7748,-1,24252,0,1.0
2016,10495,-1,27932,0,1.2
2016,8495,-1,38334,0,1.0
2020,14495,-1,2483,0,1.0
2014,7495,-1,42000,0,1.4
2017,12850,0,14030,0,1.2
2019,16995,0,3000,0,1.0
2019,12998,-1,10361,0,1.0
2015,10995,0,21853,0,1.2
2017,10995,-1,16718,0,1.2
2017,10450,-1,16379,0,1.0
2016,8799,-1,27306,0,1.0
2017,9399,-1,37281,0,1.2
2017,12499,-1,12835,0,1.4
2019,11995,-1,11462,0,1.0
2020,17999,0,2000,0,1.0
2016,9999,-1,23326,0,1.0
2016,7799,-1,41117,0,1.0
2017,9899,-1,17302,0,1.0
2019,13495,-1,4017,0,1.0
2020,13999,-1,2000,0,1.0
2017,11499,-1,7208,0,1.2
2018,11999,-1,14058,0,1.0
2017,10399,-1,17833,0,1.2
2019,17999,0,5162,0,2.0
2019,15995,-1,230,0,1.0
2017,9299,-1,30715,1,1.4
2019,14695,0,10641,0,1.0
2020,14885,-1,442,0,1.0
2020,14485,-1,843,0,1.0
2019,11995,-1,11369,0,1.0
2020,13685,-1,1551,0,1.0
2020,16290,-1,100,0,1.0
2019,12699,-1,13403,0,1.0
2019,12699,-1,13583,0,1.0
2019,12699,-1,13609,0,1.0
2019,12699,-1,12661,0,1.0
2014,8750,-1,39500,0,1.2
2018,12750,-1,14150,0,1.0
2020,20000,0,10,0,1.0
2019,20485,0,3271,0,2.0
2017,9445,-1,31342,0,1.0
2020,15985,0,362,0,1.0
2016,8750,-1,36857,0,1.2
2017,9750,-1,27938,0,1.0
2017,14995,-1,12232,0,1.8
2017,11500,-1,6336,0,1.2
2017,11099,0,29833,0,1.2
2017,10499,-1,27401,0,1.0
2017,9750,-1,46570,0,1.2
2017,10299,-1,17406,0,1.2
2017,10348,-1,20735,0,1.2
2017,7899,-1,37217,0,1.0
2018,12498,-1,4882,0,1.0
2018,12500,0,25000,0,1.0
2013,8500,0,26250,0,1.4
2013,6381,-1,47554,0,1.2
2017,10899,-1,17774,0,1.0
2017,9999,-1,18107,0,1.0
2018,12995,-1,19789,0,1.0
2017,12410,0,17016,0,1.2
2017,10399,-1,13500,0,1.0
2017,9499,-1,24998,0,1.0
2016,11999,-1,45565,0,1.8
2016,9990,-1,20665,0,1.2
2017,9990,-1,11205,0,1.0
2018,11299,-1,20862,0,1.0
2019,16499,0,4423,0,1.0
2017,11698,0,11629,0,1.2
2014,6999,-1,37366,0,1.2
2015,8499,-1,21589,0,1.0
2018,11595,-1,14891,0,1.0
2016,8000,-1,36146,0,1.0
2017,9491,-1,21615,0,1.0
2016,9991,-1,5440,0,1.0
2016,11000,0,20042,0,1.2
2019,15200,-1,8218,0,1.0
2017,13998,0,19324,0,1.4
2017,12998,-1,18371,0,1.4
2016,8998,-1,21679,0,1.0
2016,9999,-1,23272,0,1.0
2019,15498,-1,1267,0,1.0
2016,10990,-1,7728,0,1.2
2017,9490,-1,23000,0,1.0
2017,10990,-1,10687,0,1.0
2015,8810,-1,19941,0,1.0
2017,14000,0,34460,0,1.8
2017,11500,-1,10885,0,1.2
2017,10990,-1,17806,0,1.2
2017,9750,-1,9933,0,1.0
2020,19950,0,2000,0,1.0
2019,13395,-1,9962,0,1.0
2016,8290,-1,24029,0,1.0
2015,7490,-1,40459,0,1.0
2020,15390,-1,1000,0,1.0
2019,13790,-1,7956,1,1.6
2016,8950,-1,18209,0,1.0
2020,16750,0,10,0,1.0
2019,14495,-1,5000,0,1.0
2019,14495,-1,5000,0,1.0
2016,8695,-1,29568,0,1.0
2015,10495,0,18000,0,1.2
2016,10995,-1,21364,0,1.2
2017,11995,-1,20429,0,1.0
2019,15495,-1,10389,0,1.0
2017,10495,-1,25133,0,1.2
2016,11995,-1,32959,0,1.8
2019,13495,-1,10361,1,1.6
2019,13995,0,7103,0,1.0
2018,12295,-1,15055,0,1.0
2016,9495,-1,24012,0,1.0
2017,12495,0,8693,0,1.2
2019,11950,-1,14774,0,1.0
2016,8750,-1,30000,0,1.0
2017,10750,-1,14200,0,1.2
2017,9995,-1,16532,0,1.0
2016,8495,-1,27648,0,1.0
2019,19700,0,2704,0,2.0
2020,18450,-1,2000,0,1.0
2017,9995,-1,33568,0,1.2
2016,10995,0,21848,0,1.2
2017,11495,0,25289,0,1.2
2015,12498,0,26275,0,1.4
2015,6798,-1,36920,0,1.0
2018,10995,-1,12800,0,1.0
2019,14891,-1,7123,0,1.0
2017,10451,-1,25166,0,1.0
2019,12998,-1,9790,0,1.0
2017,9842,-1,14571,0,1.0
2016,7751,-1,61500,0,1.0
2016,9941,-1,17607,0,1.2
2017,10888,-1,12960,0,1.0
2013,8000,-1,40400,0,1.4
2017,11991,-1,22052,0,1.4
2016,8681,-1,26266,0,1.0
2020,15322,-1,1795,0,1.0
2017,10461,-1,26310,0,1.2
2018,12751,-1,36905,0,1.0
2019,14561,-1,4140,0,1.0
2016,9602,-1,14304,0,1.0
2017,10791,-1,16615,0,1.2
2017,14498,0,16186,0,1.4
2017,9495,-1,33302,0,1.2
2016,8932,-1,28751,0,1.0
2016,8971,-1,20487,0,1.0
2016,10241,-1,23466,0,1.2
2017,10991,-1,10782,0,1.0
2019,12701,-1,11431,0,1.0
2017,9392,-1,31095,0,1.0
2019,14561,-1,3291,0,1.0
2014,9751,-1,34977,0,1.4
2016,8442,-1,41186,0,1.2
2019,19126,0,2883,0,2.0
2017,10162,-1,17049,0,1.0
2018,12541,-1,23345,0,1.0
2018,14341,-1,18969,0,1.0
2015,9401,-1,27908,0,1.2
2017,10191,-1,30355,0,1.0
2017,9831,-1,28121,0,1.0
2016,9122,-1,26842,0,1.0
2017,10172,-1,18050,0,1.0
2020,13990,-1,2887,0,1.0
2017,9822,-1,24701,0,1.0
2020,13490,-1,3402,0,1.0
2020,13749,-1,3588,0,1.0
2020,13490,-1,2500,0,1.0
2015,8251,-1,37236,0,1.0
2016,9232,-1,29653,0,1.2
2019,20185,0,1755,0,2.0
2016,7971,-1,58014,0,1.2
2017,13600,0,28705,0,1.4
2018,13840,0,21484,0,1.0
2020,13490,-1,4578,0,1.0
2017,13980,0,22736,0,1.8
2017,10998,-1,17577,0,1.2
2017,12498,0,2021,0,1.2
2016,8700,-1,28719,0,1.0
2016,10350,-1,20386,0,1.2
2020,18900,-1,5,0,1.0
2014,8000,-1,32316,0,1.2
2016,9710,-1,15488,0,1.2
2018,13595,0,10386,0,1.0
2020,16000,-1,5,0,1.0
2020,15500,-1,399,0,1.0
2019,13450,-1,8223,0,1.0
2016,9250,-1,41501,0,1.2
2017,9798,-1,20525,0,1.2
2016,9498,-1,21826,0,1.2
2017,9601,-1,35100,0,1.2
2017,9301,-1,16000,0,1.0
2017,9999,-1,15193,0,1.2
2020,19000,0,2000,0,1.0
2016,8750,-1,26942,0,1.0
2016,9250,-1,18042,0,1.2
2020,15000,-1,620,0,1.0
2017,10995,-1,21944,0,1.2
2019,13995,-1,4451,1,1.6
2019,13495,-1,4450,0,1.0
2017,9999,-1,29000,0,1.2
2017,10995,0,41276,0,1.2
2017,12995,0,33955,0,1.4
2018,12995,-1,13113,0,1.0
2019,11995,-1,5150,0,1.0
2017,12991,0,27720,0,1.2
2019,12366,-1,5852,0,1.0
2015,7799,-1,40000,0,1.0
2016,10032,-1,12054,0,1.0
2016,9622,-1,28187,0,1.2
2013,6880,0,44551,0,1.4
2016,8720,-1,27145,0,1.2
2015,8995,-1,22520,0,1.0
2016,8600,-1,45027,0,1.2
2015,8661,-1,20906,0,1.2
2015,7000,-1,53382,0,1.2
2013,8995,0,34220,0,1.4
2017,10491,-1,22211,0,1.2
2017,10991,-1,24758,0,1.0
2016,8995,-1,38102,0,1.2
2018,11491,-1,9004,0,1.0
2015,8291,-1,39462,1,1.4
2015,8391,-1,21449,0,1.0
2019,14386,1,15365,0,1.0
2019,13726,-1,9182,0,1.0
2019,12156,-1,9584,0,1.0
2018,13691,-1,13607,0,1.0
2014,8991,-1,17820,0,1.2
2017,10752,-1,8250,0,1.0
2019,14491,-1,2403,0,1.0
2019,14491,-1,2907,0,1.0
2018,17712,0,12224,0,2.0
2016,8812,-1,23543,0,1.0
2016,9552,-1,15329,0,1.0
2014,9132,0,36460,0,1.2
2016,8991,-1,33513,0,1.0
2017,13481,0,10038,0,1.2
2018,12891,-1,5304,0,1.0
2019,15836,-1,5333,0,1.0
2016,10182,-1,22599,0,1.2
2016,8692,-1,37560,0,1.0
2019,14176,-1,5630,0,1.0
2016,9641,-1,31522,0,1.2
2014,7961,-1,50808,0,1.2
2016,9841,-1,23779,0,1.2
2016,8902,-1,29671,0,1.0
2017,10532,-1,2317,0,1.0
2017,10972,-1,7275,0,1.0
2016,8882,-1,32512,0,1.2
2018,12941,-1,12370,0,1.0
2020,15450,-1,2711,0,1.0
2017,9622,-1,27997,0,1.0
2018,13132,-1,15526,0,1.0
2019,19345,0,2607,0,2.0
2017,9922,-1,24076,0,1.2
2017,9912,-1,18999,0,1.0
2020,15081,-1,1379,0,1.0
2019,14716,1,10069,0,1.0
2015,7998,-1,37111,0,1.0
2017,10062,-1,15992,0,1.0
2016,7995,-1,39445,0,1.0
2016,8995,-1,30933,0,1.2
2017,11495,-1,10169,0,1.2
2018,12495,-1,12150,0,1.0
2016,10795,-1,28029,0,1.0
2017,10295,-1,16704,0,1.0
2016,10995,-1,25807,0,1.2
2017,10495,-1,22688,0,1.0
2016,10995,-1,20357,0,1.2
2016,10495,-1,8403,0,1.2
2017,11995,0,23848,0,1.2
2017,11300,-1,10211,0,1.2
2016,10295,-1,16753,0,1.2
2017,10495,-1,31697,0,1.2
2018,12750,-1,16000,0,1.0
2018,11750,-1,17007,0,1.0
2019,19000,0,4000,0,2.0
2017,11000,-1,14808,0,1.2
2017,9250,-1,24605,0,1.2
2017,10250,-1,28983,0,1.2
2016,8750,-1,32114,0,1.2
2017,10650,-1,18000,0,1.2
2016,9850,-1,17214,0,1.2
2018,11141,-1,16345,0,1.0
2017,14211,-1,25399,0,1.8
2016,7791,-1,39103,0,1.0
2016,8862,-1,33877,0,1.0
2014,7401,-1,52560,0,1.0
2019,14411,-1,1874,0,1.0
2019,13700,-1,11211,0,1.0
2018,12300,-1,11471,0,1.0
2017,9500,-1,26544,0,1.2
2020,14440,-1,1248,0,1.0
2020,14850,-1,976,0,1.0
2018,11700,-1,3795,0,1.0
2016,10000,-1,14552,0,1.2
2013,7381,-1,17638,0,1.2
2016,9742,-1,18600,0,1.2
2017,10452,-1,25131,0,1.2
2016,9541,-1,20132,0,1.2
2018,12571,-1,25638,0,1.0
2014,8750,-1,10002,0,1.2
2019,15990,0,2186,0,1.0
2019,12300,-1,15071,0,1.0
2020,14990,-1,1065,0,1.0
2019,12100,-1,15527,0,1.0
2019,12300,-1,15259,0,1.0
2019,14200,-1,8921,0,1.0
2016,8600,-1,22840,0,1.0
2017,11461,-1,10187,0,1.0
2017,10400,-1,21233,0,1.2
2016,9600,-1,18000,0,1.2
2019,14000,-1,9000,1,1.6
2019,16486,0,5946,0,1.0
2016,10291,-1,5650,0,1.0
2019,12002,-1,8300,0,1.0
2016,9232,-1,27856,0,1.0
2016,7991,-1,64790,0,1.0
2018,14162,-1,8983,0,1.0
2019,14553,-1,5017,0,1.0
2019,14923,-1,4986,0,1.0
2017,10730,-1,10410,0,1.0
2019,19991,0,2369,0,2.0
2019,19231,0,2856,0,2.0
2017,10991,-1,8079,0,1.0
2017,9991,-1,11768,0,1.0
2016,9998,-1,24558,0,1.2
2017,10798,-1,14450,0,1.2
2016,8998,-1,26404,0,1.0
2017,12498,0,15180,0,1.2
2017,9841,-1,32377,0,1.2
2019,13406,-1,14315,0,1.0
2016,12998,-1,29284,0,1.8
2014,6496,-1,50000,0,1.0
2017,10282,-1,26500,0,1.2
2017,9762,-1,18654,0,1.0
2017,9952,-1,14000,0,1.0
2017,13898,0,26186,0,1.4
2016,9282,-1,36434,0,1.2
2016,8846,-1,12054,0,1.0
2019,12810,-1,9116,0,1.0
2017,10498,-1,8879,0,1.0
2013,6995,-1,27547,0,1.2
2016,8499,-1,25948,0,1.0
2014,7499,-1,55874,0,1.2
2017,10241,-1,24000,0,1.0
2015,8472,-1,20369,0,1.0
2016,9691,-1,20734,0,1.2
2016,9542,-1,15947,0,1.0
2019,14415,0,17436,0,1.0
2019,12856,-1,12505,0,1.0
2017,9902,-1,33000,0,1.2
2017,11522,-1,9465,0,1.2
2014,7222,-1,43900,0,1.0
2014,7622,-1,21146,0,1.0
2019,13266,-1,13107,0,1.0
2020,16997,0,848,0,1.0
2013,8722,-1,34153,0,1.2
2020,18957,0,549,0,1.0
2017,14662,-1,15457,0,1.8
2017,14251,0,22042,0,1.4
2017,14121,0,24186,0,1.4
2019,11926,-1,13566,0,1.0
2016,11471,-1,46472,0,1.8
2015,8971,-1,33877,0,1.0
2019,13806,-1,6867,0,1.0
2016,7491,-1,70271,1,1.4
2017,9601,-1,34701,0,1.2
2016,8971,-1,32614,0,1.0
2013,5995,-1,39494,0,1.2
2015,8495,-1,40453,0,1.2
2017,9542,-1,51531,0,1.2
2019,14712,0,11930,0,1.0
2019,14016,-1,8524,0,1.0
2019,13646,-1,10437,0,1.0
2019,14000,0,11230,0,1.0
2019,13166,-1,14708,0,1.0
2017,11012,-1,8572,0,1.2
2016,8312,-1,32301,0,1.0
2019,14596,0,15131,0,1.0
2017,12122,0,23644,0,1.2
2017,11171,-1,27800,0,1.2
2019,17741,0,3363,0,2.0
2017,10632,-1,12324,0,1.0
2016,9512,-1,16009,0,1.0
2019,14781,-1,5500,0,1.0
2017,9961,-1,38751,0,1.2
2018,12891,-1,5731,0,1.0
2019,13940,-1,8840,1,1.6
2013,6290,-1,77309,0,1.2
2016,11580,0,7789,0,1.2
2017,8699,-1,31837,0,1.0
2017,12971,-1,8306,0,1.2
2016,9642,-1,27655,0,1.2
2017,10971,-1,36370,0,1.2
2017,9982,-1,19338,0,1.0
2016,10995,-1,21251,0,1.0
2018,13495,-1,13117,0,1.0
2016,10495,-1,34413,0,1.2
2019,19995,0,2825,0,2.0
2017,10397,-1,17580,0,1.2
2018,13995,-1,2166,0,1.0
2018,12995,-1,18350,0,1.0
2019,15795,-1,2000,0,1.0
2016,9995,-1,26967,0,1.2
2018,11692,-1,26652,0,1.0
2016,10002,-1,28609,0,1.0
2019,20272,0,5000,0,2.0
2017,13171,-1,11854,0,1.4
2017,11231,-1,9559,0,1.2
2019,18991,0,3624,0,2.0
2016,9472,-1,20011,0,1.0
2015,8062,-1,43093,0,1.2
2017,9502,-1,17124,0,1.0
2020,18231,0,3375,0,1.0
2017,9952,-1,22807,0,1.0
2016,9692,-1,20332,0,1.2
2020,17234,0,3885,0,1.0
2017,11532,-1,7944,0,1.2
2019,15871,0,4085,0,1.0
2019,12086,-1,10964,0,1.0
2019,13332,-1,10380,0,1.0
2016,10231,-1,24769,0,1.2
2016,9722,-1,14730,0,1.0
2017,10481,-1,21000,0,1.0
2018,12282,-1,16096,0,1.0
2017,10392,-1,13044,0,1.2
2017,10802,-1,18239,0,1.2
2019,15890,-1,2879,1,1.6
2016,10542,-1,12000,0,1.2
2019,11640,-1,7885,0,1.0
2015,12712,0,32016,0,1.8
2018,12990,-1,9460,0,1.0
2020,14990,-1,50,0,1.0
2017,10142,-1,19597,0,1.2
2017,10722,-1,3000,0,1.0
2019,21132,0,2899,0,2.0
2020,14990,-1,50,0,1.0
2020,14690,-1,979,0,1.0
2020,16990,0,450,0,1.0
2017,11302,-1,11199,0,1.2
2017,10092,-1,20676,0,1.2
2016,9512,-1,16663,0,1.2
2016,9112,-1,16767,0,1.0
2017,11912,-1,16000,0,1.2
2019,13580,-1,8830,1,1.6
2016,9472,-1,37083,1,1.4
2016,8812,-1,26911,0,1.0
2019,18480,0,3185,0,2.0
2017,8882,-1,34400,0,1.0
2017,10298,-1,14093,0,1.0
2017,10971,-1,12600,0,1.2
2018,11662,-1,30930,0,1.0
2019,19986,0,3882,0,2.0
2020,17590,-1,1259,0,1.0
2020,14690,-1,1112,0,1.0
2019,14056,-1,6000,0,1.0
2020,14990,-1,12201,0,1.0
2019,15995,0,9922,0,1.0
2015,6981,-1,57149,0,1.0
2015,9211,0,55680,0,1.2
2016,12295,-1,31837,0,1.4
2017,12875,-1,13023,0,1.4
2017,9322,-1,34750,0,1.0
2019,19293,0,3346,0,2.0
2016,10610,0,18776,0,1.2
2017,8895,-1,21103,0,1.0
2019,14195,0,7883,0,1.0
2019,14956,0,6536,0,1.0
2019,18745,0,4687,0,2.0
2015,7991,-1,44843,1,1.4
2017,9499,-1,41000,0,1.2
2017,8999,-1,53888,0,1.2
2016,8495,-1,22373,0,1.0
2017,11400,-1,15559,0,1.2
2016,10995,-1,41154,0,1.4
2019,18745,0,3837,0,2.0
2017,10195,-1,22140,0,1.2
2019,16295,-1,3378,0,1.0
2017,9472,-1,20696,0,1.0
2017,8792,-1,56238,1,1.4
2017,8998,-1,38023,0,1.0
2016,11320,1,9832,0,1.2
2017,10998,-1,9241,0,1.2
2016,9495,-1,27906,0,1.2
2019,19891,0,3987,0,2.0
2018,10595,-1,13953,0,1.0
2017,9895,-1,50899,0,1.2
2015,8810,-1,19941,0,1.0
2015,8233,-1,31032,0,1.0
2019,14691,-1,2987,0,1.0
2017,8495,-1,38214,0,1.0
2017,9990,-1,13042,0,1.0
2015,10520,-1,29681,0,1.4
2015,7477,-1,51505,0,1.2
2016,9890,-1,11100,0,1.2
2016,10495,-1,21000,0,1.2
2014,5995,-1,59078,0,1.0
2015,9295,-1,26545,1,1.4
2015,8151,-1,32239,1,1.4
2019,19356,0,6482,0,2.0
2016,8366,-1,23248,0,1.2
2017,10995,-1,26525,0,1.2
2016,8995,-1,42609,0,1.2
2017,13995,-1,33888,0,1.8
2019,15995,-1,1000,1,1.6
2016,11495,-1,18008,0,1.2
2016,10495,-1,30294,0,1.2
2017,11495,0,21571,0,1.2
2017,10172,-1,31558,0,1.2
2016,8812,-1,33300,0,1.2
2017,10692,-1,18686,0,1.2
2018,12995,-1,15395,0,1.0
2016,10012,-1,20675,0,1.2
2020,14491,-1,2885,0,1.0
2017,10995,-1,36000,0,1.2
2017,9991,-1,15003,0,1.0
2016,8795,-1,15000,0,1.0
2017,9995,-1,32000,0,1.2
2016,10495,-1,15478,0,1.2
2016,12495,0,8792,0,1.2
2019,13186,-1,14408,0,1.0
2019,14676,1,10935,0,1.0
2019,13995,-1,4000,0,1.0
2019,12995,-1,6000,0,1.0
2015,10995,0,44657,0,1.4
2016,9750,-1,24069,0,1.2
2016,7741,-1,34343,0,1.0
2017,10495,-1,24754,0,1.2
2018,9995,-1,26000,0,1.0
2018,12495,-1,11500,0,1.0
2019,12998,-1,8436,0,1.0
2017,9995,-1,22073,0,1.0
2017,9995,-1,13950,0,1.2
2016,10300,-1,9050,0,1.2
2014,7990,0,30620,0,1.4
2016,7990,-1,14458,0,1.0
2017,9495,-1,23946,0,1.0
2017,10995,-1,19000,0,1.2
2017,9995,-1,18282,0,1.0
2015,6998,-1,31422,0,1.0
2019,16298,-1,22,0,1.0
2017,8000,-1,28165,0,1.0
2015,9500,-1,19394,0,1.2
2017,9999,-1,11655,0,1.0
2016,13295,0,4302,0,1.4
2016,9740,-1,26424,0,1.2
2017,9499,-1,23331,0,1.0
2018,12290,-1,18787,0,1.0
2015,6840,-1,58443,0,1.0
2016,12400,-1,29500,0,1.8
2020,16992,-1,4288,0,1.0
2020,20941,0,3500,0,1.0
2015,7110,-1,18730,0,1.0
2014,6990,-1,60060,0,1.2
2017,9200,-1,21520,0,1.0
2016,13600,-1,18120,0,1.8
2016,14800,0,15500,0,1.8
2017,8990,-1,39732,0,1.2
2017,9500,-1,26833,0,1.2
2020,15440,-1,3500,0,1.0
2019,13340,-1,11428,1,1.6
2019,13940,-1,9508,0,1.0
2020,14991,-1,3611,0,1.0
2018,12191,-1,9788,0,1.0
2017,10940,-1,17228,0,1.2
2017,11990,-1,19226,1,1.4
2016,7440,-1,56603,1,1.4
2017,10391,-1,25388,0,1.2
2019,14690,-1,5417,0,1.0
2016,10640,-1,22203,0,1.2
2017,10990,-1,19224,0,1.0
2017,9999,-1,17298,0,1.2
2016,8799,-1,24321,0,1.0
2017,11999,0,13352,0,1.2
2018,11450,-1,24723,0,1.0
2016,9290,-1,30966,0,1.2
2016,9840,-1,26772,0,1.2
2017,9990,-1,18118,0,1.2
2018,12290,-1,12688,0,1.0
2017,10495,-1,29262,0,1.2
2014,7440,-1,25446,0,1.2
2019,12540,-1,9998,0,1.0
2019,12590,-1,9198,0,1.0
2017,9290,-1,32950,0,1.0
2016,8600,-1,24000,0,1.0
2017,10190,-1,20375,0,1.0
2017,13990,-1,12198,0,1.8
2018,11600,-1,17500,0,1.0
2016,9490,-1,36543,0,1.0
2020,13990,-1,2500,0,1.0
2017,9290,-1,27599,0,1.0
2020,16990,-1,1,0,1.0
2017,11990,-1,13000,0,1.2
2017,9750,-1,21339,0,1.0
2016,9490,-1,30450,0,1.2
2017,8440,-1,51448,0,1.2
2017,9790,-1,35662,0,1.2
2017,10890,-1,17706,0,1.2
2017,9100,-1,24000,0,1.0
2018,12700,-1,3270,0,1.0
2017,13290,0,10786,0,1.2
2019,13000,-1,16339,0,1.0
2020,18241,-1,3500,0,1.0
2017,9690,-1,14424,0,1.0
2017,12490,0,13300,0,1.2
2016,11991,-1,36000,0,1.8
2017,9390,-1,29446,0,1.2
2017,9990,-1,23387,0,1.2
2016,8290,-1,39986,0,1.2
2017,9690,-1,34388,0,1.2
2017,10440,-1,10662,0,1.0
2020,15490,-1,1348,0,1.0
2016,9691,-1,14792,0,1.0
2015,5891,-1,72809,0,1.0
2016,12100,-1,18238,0,1.4
2015,8250,-1,20085,0,1.0
2017,9491,-1,37600,0,1.2
2017,10652,-1,10117,0,1.2
2017,8862,-1,37402,0,1.0
2017,11462,-1,9433,0,1.2
2018,10892,-1,41501,0,1.0
2017,10032,-1,34864,0,1.2
2015,8491,-1,28451,0,1.2
2019,16990,-1,1842,0,1.0
2018,12401,-1,12000,0,1.0
2016,8701,-1,49501,1,1.4
2017,9701,-1,19273,0,1.0
2014,9401,0,36005,0,1.2
2017,10401,-1,25277,0,1.2
2018,12401,-1,25000,0,1.0
2019,21401,0,3551,0,2.0
2016,13401,-1,6194,0,1.4
2016,9401,-1,43933,0,1.2
2016,9990,-1,19767,0,1.2
2016,9490,-1,16284,0,1.0
2018,14990,1,4054,0,1.0
2020,16790,0,3500,0,1.0
2019,18340,0,2248,0,2.0
2017,11495,-1,12638,0,1.2
2016,9452,-1,35525,0,1.2
2019,14706,0,13219,0,1.0
2017,9990,-1,10735,0,1.0
2019,13940,-1,4514,1,1.6
2017,9990,-1,20978,0,1.2
2019,13590,-1,8354,1,1.6
2016,9995,-1,39696,0,1.4
2017,9491,-1,40000,0,1.2
2016,8991,-1,20490,0,1.0
2018,11591,-1,22000,0,1.0
2016,7841,-1,48570,0,1.2
2016,8710,-1,17409,0,1.0
2016,8891,-1,15750,0,1.0
2014,7250,-1,31006,0,1.2
2016,11461,-1,21881,0,1.8
2017,10491,-1,26815,0,1.2
2017,15002,0,5660,0,1.4
2016,9991,-1,16577,0,1.2
2018,13291,-1,16000,0,1.0
2013,6191,-1,61984,0,1.2
2020,17940,-1,3500,0,1.0
2017,9990,-1,15456,0,1.2
2017,10490,-1,17582,0,1.2
2018,11840,-1,14791,0,1.0
2017,9490,-1,12232,0,1.0
2016,9998,-1,23034,0,1.2
2018,12290,-1,9032,0,1.0
2013,6290,-1,42140,0,1.2
2017,9600,-1,29553,0,1.0
2018,11250,-1,11555,0,1.0
2016,8500,-1,30830,0,1.0
2018,12500,-1,13456,0,1.0
2017,9832,-1,46262,0,1.2
2019,17990,-1,3235,0,1.0
2018,12250,-1,15463,0,1.0
2017,9700,-1,12503,0,1.0
2017,9000,-1,37273,0,1.2
2016,8762,-1,47611,0,1.2
2017,11990,0,14744,0,1.2
2018,11412,-1,9529,0,1.0
2018,10401,-1,23000,0,1.0
2018,12401,-1,13160,0,1.0
2017,10940,-1,23891,0,1.0
2020,17250,0,2000,0,1.0
2015,8432,-1,19583,0,1.0
2019,19590,0,6948,0,2.0
2017,9495,-1,24988,0,1.0
2017,9995,-1,34500,0,1.2
2018,18990,0,8353,0,2.0
2017,10501,-1,25304,0,1.2
2016,8150,-1,26861,0,1.0
2017,9300,-1,31603,0,1.2
2016,8082,-1,47754,0,1.0
2017,10912,-1,15127,0,1.2
2017,12392,0,14841,0,1.2
2017,10990,-1,36666,0,1.2
2017,10401,-1,37000,0,1.2
2017,11001,-1,17000,0,1.2
2016,9001,-1,33000,0,1.0
2020,16000,-1,2000,0,1.0
2017,8800,-1,24881,0,1.0
2016,7990,-1,35950,0,1.0
2018,11412,-1,10977,0,1.0
2017,9000,-1,19875,0,1.0
2016,9052,-1,30537,0,1.2
2018,17482,0,22783,0,2.0
2019,15186,-1,3005,0,1.0
2018,12695,-1,19950,0,1.0
2017,9995,-1,20000,0,1.0
2015,8495,-1,24800,0,1.0
2018,11895,-1,17424,0,1.0
2017,9995,-1,19114,0,1.0
2019,15250,-1,50,0,1.0
2016,10395,-1,35254,0,1.2
2017,11395,-1,14328,0,1.2
2017,10395,-1,18537,0,1.0
2017,9895,-1,26031,0,1.0
2017,9650,-1,22547,0,1.0
2015,8195,-1,32428,0,1.0
2019,17690,-1,50,0,1.0
2019,19695,0,1900,0,2.0
2019,19345,0,4979,0,2.0
2017,10312,-1,19873,0,1.0
2018,16995,0,20975,0,2.0
2016,12995,0,6798,0,1.0
2016,8995,-1,33069,0,1.2
2015,9350,-1,37636,0,1.2
2019,12400,-1,3429,0,1.0
2019,12995,-1,2643,0,1.0
2019,16300,-1,4777,0,1.0
2016,9052,-1,38000,0,1.2
2014,6295,-1,81000,0,1.2
2017,12500,0,14022,0,1.2
2019,11490,-1,8082,0,1.0
2019,18990,0,5301,0,2.0
2019,12500,-1,5461,0,1.0
2016,9750,-1,27408,0,1.2
2018,12590,-1,16007,0,1.0
2017,10650,-1,27500,0,1.2
2017,9490,-1,22952,0,1.0
2016,8790,-1,39621,1,1.4
2017,9695,-1,34143,0,1.2
2016,9000,-1,40100,0,1.2
2017,10500,-1,20946,0,1.2
2019,12750,-1,16607,0,1.0
2017,10500,-1,20273,0,1.2
2017,11250,-1,34007,1,1.4
2019,17890,0,7011,0,2.0
2019,11490,-1,16530,0,1.0
2016,9990,-1,14806,0,1.2
2018,10590,-1,29508,0,1.0
2016,9890,-1,15234,0,1.2
2018,13490,0,17207,0,1.0
2017,11390,1,24548,0,1.2
2019,18990,0,4889,0,2.0
2017,11690,-1,5431,0,1.2
2017,10290,-1,11878,0,1.0
2017,9490,-1,46019,0,1.2
2015,6000,-1,69978,1,1.4
2016,12995,-1,27961,0,1.8
2016,9995,-1,40258,0,1.2
2019,20490,0,4476,0,2.0
2019,14495,-1,14040,0,1.0
2016,10990,-1,12541,0,1.0
2015,7495,-1,30353,0,1.0
2016,6995,-1,54287,0,1.0
2019,14495,-1,15749,0,1.0
2019,14495,-1,9263,0,1.0
2019,14495,-1,15417,0,1.0
2017,10495,-1,25724,0,1.2
2017,11695,-1,10263,0,1.2
2016,8995,-1,39412,0,1.2
2016,9495,-1,35265,1,1.4
2019,15995,-1,3000,0,1.0
2017,12995,0,25021,0,1.2
2019,14290,-1,4325,0,1.0
2017,10490,-1,26327,0,1.2
2018,13890,0,8823,0,1.0
2017,10495,-1,14171,0,1.0
2017,10995,-1,29255,0,1.2
2019,14495,-1,2752,0,1.0
2017,11595,-1,14117,0,1.2
2017,10490,-1,32443,0,1.2
2017,10490,-1,31131,0,1.2
2017,10490,-1,27754,0,1.2
2016,9790,-1,20641,0,1.2
2019,13290,-1,9740,0,1.0
2017,10990,-1,23078,0,1.2
2016,8995,-1,40525,0,1.2
2017,10995,-1,22215,0,1.2
2019,15995,-1,2500,0,1.0
2016,12495,0,8695,0,1.2
2019,15900,-1,2500,0,1.0
2019,17250,-1,5000,0,1.0
2013,7495,-1,44093,0,1.2
2019,16900,-1,2500,0,1.0
2019,16990,1,5000,0,1.0
2019,15990,-1,2500,0,1.0
2019,16995,-1,1500,0,1.0
2016,9995,-1,14695,0,1.2
2017,10995,-1,25000,0,1.2
2016,8495,-1,52635,0,1.2
2019,14900,-1,2500,0,1.0
2019,14900,-1,5000,0,1.0
2017,9800,-1,26000,0,1.0
2019,13500,-1,2500,0,1.0
2019,17495,0,3487,0,1.0
2016,14495,0,39452,0,1.8
2015,8150,-1,25834,0,1.2
2017,12950,0,11481,0,1.2
2016,12790,-1,12275,0,1.4
2016,11490,-1,34423,0,1.4
2016,8998,-1,25563,0,1.0
2017,10998,-1,11779,0,1.2
2017,9900,-1,19621,0,1.0
2016,9595,-1,24347,0,1.2
2017,8995,-1,32867,0,1.2
2017,14995,0,17466,0,1.8
2016,9495,-1,27900,0,1.2
2017,10200,-1,22500,0,1.2
2017,10200,-1,19179,0,1.0
2017,10495,-1,33272,0,1.2
2016,9291,-1,16673,0,1.0
2014,7765,-1,21896,0,1.0
2016,8845,-1,22136,0,1.0
2018,11247,-1,6124,0,1.0
2019,14226,-1,7846,0,1.0
2017,9991,-1,17371,0,1.2
2016,9564,-1,12152,0,1.2
2013,4691,-1,72612,0,1.2
2017,9956,-1,12991,0,1.2
2016,10430,-1,12061,0,1.2
2019,13776,-1,10012,0,1.0
2020,17994,-1,2000,0,1.0
2015,8300,-1,33000,0,1.0
2018,10495,-1,11670,0,1.0
2017,10795,-1,17772,0,1.2
2017,9752,-1,15854,0,1.0
2018,11750,-1,10035,0,1.0
2015,9726,-1,22345,0,1.0
2018,14488,-1,6461,0,1.0
2017,9500,-1,20392,0,1.2
2018,12390,-1,5879,0,1.0
2014,7250,-1,49158,0,1.2
2016,9310,-1,18263,0,1.2
2018,13330,-1,16740,0,1.0
2018,10700,-1,31023,0,1.0
2014,7491,-1,52191,1,1.4
2019,20990,0,1396,0,2.0
2017,11491,-1,9741,0,1.2
2019,20990,0,4506,0,2.0
2019,20990,0,2507,0,2.0
2015,9522,-1,27375,0,1.2
2017,11502,-1,50792,0,1.4
2016,9990,-1,17526,0,1.2
2017,9490,-1,19367,0,1.0
2015,8282,-1,14080,0,1.0
2015,10552,0,23120,0,1.2
2016,10200,-1,12090,0,1.2
2017,10600,0,29064,0,1.2
2016,11995,-1,21050,0,1.4
2017,13495,0,4076,0,1.2
2016,9250,-1,11620,0,1.2
2016,9350,0,85111,0,1.4
2018,13990,0,5283,0,1.0
2017,9591,-1,34156,0,1.2
2016,8950,-1,34593,0,1.0
2014,7895,-1,35601,0,1.0
2016,10320,0,31942,0,1.2
2017,11990,-1,14532,0,1.2
2020,16990,0,5000,0,1.0
2017,9950,-1,20005,0,1.0
2017,10250,-1,33735,0,1.2
2017,10450,-1,15993,0,1.0
2017,11490,-1,7826,0,1.2
2017,10495,-1,11559,0,1.2
2019,12998,-1,9298,0,1.0
2017,10998,-1,6935,0,1.2
2020,14990,-1,2000,0,1.0
2015,8250,-1,47936,0,1.2
2017,9800,-1,24375,0,1.2
2013,6000,-1,52397,0,1.2
2016,9699,-1,27000,0,1.2
2015,9080,-1,9534,0,1.2
2019,14160,0,10031,0,1.0
2016,9150,-1,35085,0,1.2
2016,8899,-1,39032,0,1.2
2016,9450,-1,15405,0,1.0
2016,9190,-1,23400,0,1.2
2015,11000,0,13791,0,1.2
2019,13350,-1,11531,0,1.0
2017,11000,-1,11619,0,1.0
2017,9180,-1,13290,0,1.0
2019,12490,-1,77,0,1.0
2014,7250,-1,46171,0,1.0
2015,7854,-1,37500,0,1.2
2016,9190,-1,21280,0,1.2
2019,12700,-1,12662,1,1.6
2019,16450,-1,1093,0,1.0
2018,11000,-1,18100,0,1.0
2019,15990,-1,3758,0,1.0
2019,14500,-1,2450,0,1.0
2019,13500,-1,1130,0,1.0
2019,14990,-1,1179,0,1.0
2019,14750,-1,1924,0,1.0
2019,14990,-1,1190,0,1.0
2019,14350,-1,298,0,1.0
2019,13990,-1,1147,0,1.0
2019,13490,-1,294,0,1.0
2013,5998,-1,46959,0,1.2
2017,12998,-1,20077,0,1.4
2019,15500,-1,3548,0,1.0
2016,11500,-1,11814,0,1.2
2019,15500,-1,3435,0,1.0
2019,13490,-1,3000,1,1.6
2019,19490,0,2189,0,2.0
2017,11750,0,21473,0,1.2
2017,9770,-1,21401,0,1.2
2017,10790,-1,16653,0,1.2
2019,13790,-1,4361,1,1.6
2017,9770,-1,21401,0,1.2
2016,9300,-1,26257,0,1.2
2017,9490,-1,30324,1,1.4
2016,9990,-1,17545,0,1.2
2017,9990,-1,5035,0,1.0
2019,15000,-1,6500,0,1.0
2018,13907,-1,6825,0,1.0
2020,15490,-1,10,0,1.0
2017,9490,-1,24778,0,1.0
2019,14290,-1,4869,0,1.0
2020,13990,-1,3000,0,1.0
2019,13990,-1,4749,1,1.6
2017,10490,-1,21759,0,1.2
2017,8990,-1,52394,0,1.2
2016,10190,-1,18206,0,1.2
2017,9590,-1,22457,0,1.0
2017,9990,-1,25135,0,1.2
2016,9490,-1,26522,0,1.2
2016,9990,-1,23365,0,1.2
2017,10690,-1,22803,0,1.2
2019,14990,-1,3500,0,1.0
2020,17990,-1,553,0,1.0
2017,9490,-1,16622,0,1.0
2019,13490,-1,12867,0,1.0
2019,13650,-1,10129,0,1.0
2020,15780,-1,3547,0,1.0
2019,12990,-1,7391,0,1.0
2019,12990,-1,11866,0,1.0
2016,13490,-1,19116,0,1.8
2019,15480,-1,5,0,1.0
2017,12290,-1,22300,0,1.0
2017,8490,-1,66858,1,1.4
2017,10490,-1,28178,0,1.0
2017,10290,-1,27056,0,1.0
2016,9650,-1,20860,0,1.0
2018,14490,0,12146,0,1.0
2015,8790,-1,35382,0,1.2
2017,10990,-1,12359,0,1.2
2017,10250,-1,13429,0,1.0
2020,18990,0,100,0,1.0
2016,9890,-1,19500,0,1.2
2017,10790,-1,11845,0,1.2
2016,9750,-1,15235,0,1.2
2017,9990,-1,28728,0,1.2
2017,11350,-1,10366,0,1.2
2016,11695,-1,27500,0,1.4
2017,10000,-1,45093,0,1.2
2018,12195,-1,17576,0,1.0
2017,9059,-1,47134,0,1.2
2019,14650,-1,5876,0,1.0
2017,10795,0,31240,0,1.2
2017,9750,-1,22579,0,1.0
2018,17495,0,13346,0,2.0
2017,9650,-1,5563,0,1.0
2017,11645,-1,27203,0,1.2
2016,8990,-1,24340,0,1.2
2018,12450,-1,12168,0,1.0
2015,8690,-1,21854,0,1.2
2019,15495,-1,542,0,1.0
2019,15961,1,4632,0,1.0
2018,11350,-1,10091,0,1.0
2019,16995,-1,4632,0,1.0
2018,11100,-1,10538,0,1.0
2017,10690,-1,18065,0,1.2
2017,12390,0,19567,0,1.2
2017,14990,0,25287,0,1.8
2016,9190,-1,40404,0,1.2
2019,20849,0,3015,0,2.0
2019,17850,0,717,0,1.0
2017,9390,-1,24165,0,1.0
2019,17980,-1,1768,0,1.0
2016,8947,-1,24804,0,1.0
2017,10627,-1,11435,0,1.2
2017,10955,-1,19072,0,1.2
2019,19290,0,3329,0,2.0
2019,19790,0,25,0,2.0
2016,10190,-1,19608,0,1.2
2017,11490,-1,9008,0,1.2
2017,10590,-1,14368,0,1.2
2017,10450,-1,27208,0,1.2
2016,9990,-1,11224,0,1.0
2019,20790,0,3487,0,2.0
2017,8790,-1,53574,0,1.2
2018,11490,-1,22581,0,1.0
2019,14990,-1,4999,0,1.0
2017,10990,-1,10000,0,1.2
2019,13250,-1,12814,1,1.6
2016,9780,-1,14222,0,1.2
2016,8991,-1,28309,0,1.0
2014,8495,0,27573,0,1.4
2020,14750,-1,4000,0,1.0
2019,12149,-1,5247,0,1.0
2019,19390,0,1630,0,2.0
2016,8252,-1,46211,0,1.2
2014,7230,-1,27512,0,1.0
2017,10990,-1,20000,0,1.2
2016,8490,-1,42916,0,1.2
2019,12790,-1,7393,0,1.0
2019,12990,-1,6323,0,1.0
2018,13990,0,8089,0,1.0
2018,11990,-1,13720,0,1.0
2017,9490,-1,30372,0,1.0
2017,9990,-1,8433,0,1.0
2018,12790,-1,12151,0,1.0
2013,8990,0,11529,0,1.4
2017,13990,0,18115,0,1.0
2016,8690,-1,31573,0,1.0
2017,10990,-1,12730,0,1.0
2017,11990,0,26971,0,1.2
2016,10750,-1,15664,0,1.0
2016,8990,-1,32393,0,1.2
2017,10084,-1,24500,0,1.2
2017,12000,-1,5975,0,1.2
2017,9790,-1,25501,0,1.0
2020,14990,-1,1501,0,1.0
2017,11490,-1,5664,0,1.2
2017,10490,-1,18039,0,1.2
2020,17490,0,1650,0,1.0
2016,9510,-1,21037,0,1.2
2017,9990,-1,30069,0,1.0
2016,9990,-1,6734,1,1.4
2017,10490,-1,33572,0,1.2
2016,8990,-1,30619,0,1.2
2020,14990,-1,1950,0,1.0
2020,14990,-1,1530,0,1.0
2020,14990,-1,1920,0,1.0
2020,14990,-1,1910,0,1.0
2019,12990,-1,5025,0,1.0
2016,11690,0,11138,0,1.2
2017,10950,-1,7889,0,1.0
2017,10950,-1,11210,0,1.0
2017,11290,0,26208,0,1.2
2016,8000,-1,56470,0,1.2
2017,12690,0,11485,0,1.2
2016,10000,-1,26914,0,1.2
2016,8490,-1,37373,0,1.2
2018,12000,-1,19950,0,1.0
2017,10190,-1,35738,0,1.2
2016,11890,0,16688,0,1.2
2018,11950,-1,27534,0,1.0
2015,10000,-1,36438,0,1.4
2020,14980,-1,1000,0,1.0
2020,16990,0,1000,0,1.0
2019,14980,-1,69,0,1.0
2019,13980,-1,1299,0,1.0
2018,11950,-1,6020,0,1.2
2015,9550,-1,45789,0,1.4
2018,13450,-1,11787,1,1.6
2016,11495,0,21377,0,1.2
2017,10195,-1,20883,0,1.2
2016,11150,-1,26675,0,1.0
2018,12490,0,16210,0,1.0
2013,5195,-1,76450,1,1.2
2018,12995,-1,22310,0,1.0
2016,10250,-1,26667,0,1.2
2017,11250,-1,41777,0,1.2
2019,15950,-1,5000,0,1.0
2019,15950,-1,5000,0,1.0
2017,10350,-1,18743,0,1.0
2018,12850,-1,8830,0,1.0
2016,9650,-1,15623,0,1.2
2014,7120,-1,32788,0,1.0
2017,10350,-1,5712,0,1.2
2016,8950,-1,46133,0,1.2
2017,10350,-1,27091,0,1.2
2016,9800,0,29960,0,1.2
2018,13495,-1,10000,0,1.0
2018,11950,-1,14855,0,1.0
2016,9850,-1,31522,0,1.2
2017,11650,-1,10890,0,1.2
2017,11000,-1,35675,0,1.0
2016,9950,-1,30438,0,1.2
2016,10390,0,23000,0,1.2
2016,11200,0,12211,0,1.2
2014,8250,-1,43918,0,1.2
2017,10650,-1,32566,1,1.4
2017,10450,-1,8904,0,1.2
2017,11250,-1,12625,0,1.2
2016,9950,-1,32147,0,1.2
2014,6780,-1,34036,0,1.4
2013,6365,-1,49480,0,1.4
2015,8231,-1,25090,0,1.0
2015,7995,-1,47379,0,1.2
2019,13450,-1,7000,0,1.0
2017,9950,-1,12122,0,1.2
2018,12250,-1,14151,0,1.0
2018,14450,-1,17969,0,1.0
2018,11950,-1,8972,0,1.0
2017,10950,-1,22000,0,1.2
2017,9991,-1,29160,0,1.2
2016,9450,-1,11780,0,1.0
2017,10450,-1,22570,0,1.2
2016,9250,-1,32528,0,1.2
2016,9950,-1,13767,0,1.2
2016,9450,-1,22748,0,1.2
2018,13750,-1,13442,0,1.0
2018,12650,-1,11787,1,1.6
2016,8750,-1,43000,0,1.0
2019,15446,0,2784,0,1.0
2019,15186,1,6000,0,1.0
2018,11950,-1,26288,0,1.0
2016,12990,0,33360,0,1.8
2017,10090,-1,11980,0,1.2
2017,10950,-1,19805,0,1.2
2017,10750,-1,21437,0,1.2
2014,7850,-1,37015,0,1.2
2018,11991,-1,19361,0,1.0
2015,9400,-1,21740,0,1.2
2017,9682,-1,38920,0,1.2
2019,14860,0,7701,0,1.0
2019,13040,-1,9320,0,1.0
2018,10750,-1,26212,0,1.0
2018,15450,0,21087,0,1.0
2019,11690,-1,6420,0,1.0
2014,6290,-1,47851,0,1.2
2019,21491,0,1075,0,2.0
2019,20991,0,3647,0,2.0
2019,15892,0,5088,0,1.0
2017,10390,0,45226,0,1.2
2019,20490,0,4571,0,2.0
2018,13490,-1,6586,0,1.0
2017,10690,-1,24381,0,1.2
2016,11250,0,22915,0,1.2
2016,9450,-1,42275,0,1.2
2017,10350,-1,19822,0,1.2
2018,13490,0,14402,0,1.0
2016,11290,0,22810,0,1.2
2017,12490,0,15120,0,1.2
2018,11789,-1,10500,0,1.0
2016,10290,-1,15058,0,1.2
2017,11990,-1,11724,0,1.2
2019,13990,-1,4920,0,1.0
2019,14490,-1,4662,0,1.0
2016,10990,-1,12769,0,1.2
2017,9790,-1,18015,0,1.0
2019,13990,0,9330,0,1.0
2019,19290,0,25,0,2.0
2019,16491,-1,5000,0,1.0
2019,12750,-1,17556,0,1.0
2019,13290,-1,6500,0,1.0
2019,20890,0,3490,0,2.0
2019,14240,-1,1901,0,1.0
2017,9290,-1,28896,0,1.0
2020,18480,-1,4,0,1.0
2017,8990,-1,55902,0,1.2
2019,13480,-1,3166,0,1.0
2017,11290,-1,19812,0,1.2
2016,12990,0,50348,0,1.8
2020,19260,-1,5000,0,1.0
2017,11250,-1,20434,0,1.2
2017,13000,0,26062,0,1.2
2017,12290,0,25000,0,1.2
2020,15490,-1,5000,0,1.0
2019,20750,0,2500,0,2.0
2017,11990,0,24319,0,1.2
2019,20500,0,2500,0,2.0
2019,14750,-1,2500,0,1.0
2019,13900,-1,2500,0,1.0
2018,11650,-1,13853,0,1.0
2019,15400,-1,2500,0,1.0
2019,17000,-1,2500,1,1.6
2017,13000,0,3663,0,1.2
2019,16000,-1,2500,0,1.0
2019,13000,-1,5000,0,1.0
2019,13500,-1,5000,0,1.0
2019,13500,-1,5000,0,1.0
2019,13900,-1,2500,0,1.0
2017,10995,-1,13500,0,1.2
2017,10500,-1,36000,0,1.2
2017,10250,-1,36874,0,1.2
2019,13500,-1,5000,0,1.0
2017,10990,-1,11347,0,1.2
2019,5528,-1,5528,0,1.0
2019,14290,-1,4654,0,1.0
2016,8995,-1,23640,0,1.2
2017,9790,-1,39950,0,1.2
2016,9290,-1,10610,0,1.0
2016,9290,-1,25999,0,1.2
2017,10490,-1,23699,0,1.2
2015,10790,-1,28531,0,1.4
2019,14535,-1,6000,0,1.0
2017,12000,-1,20950,0,1.2
2016,13990,1,36137,0,1.8
2017,12000,-1,15539,0,1.2
2019,14990,0,4879,0,1.0
2019,19490,0,4999,0,2.0
2019,14690,0,5941,0,1.0
2015,9000,-1,34457,0,1.2
2018,10990,-1,34491,0,1.0
2016,9490,-1,10325,0,1.0
2017,12000,0,26140,0,1.2
2017,10290,-1,20150,0,1.2
2019,15980,-1,2983,0,1.0
2019,13590,-1,3106,0,1.0
2016,10990,-1,8112,1,1.4
2020,19980,0,500,0,1.0
2019,21480,0,3500,0,2.0
2016,10990,-1,9642,1,1.4
2019,20490,0,5999,0,2.0
2016,12490,0,40617,0,1.4
2017,11880,-1,8007,0,1.0
2019,23282,0,6000,0,2.0
2019,13480,-1,4936,0,1.0
2020,14980,-1,899,0,1.0
2019,12990,-1,12454,0,1.0
2016,9490,-1,56245,0,1.4
2017,11995,-1,18000,0,1.2
2019,11990,-1,14937,0,1.0
2018,13650,-1,15581,0,1.0
2018,11950,-1,26122,0,1.0
2018,12690,-1,9711,0,1.0
2015,10690,0,23042,0,1.2
2017,12020,-1,27890,0,1.4
2017,10930,-1,11828,0,1.2
2018,13850,-1,21512,0,1.0
2019,13450,-1,1000,1,1.6
2019,13450,-1,4132,0,1.0
2016,7950,-1,59963,0,1.2
2017,10950,-1,26533,0,1.0
2018,11950,-1,25122,0,1.0
2016,8850,-1,35586,0,1.2
2017,9950,-1,26468,0,1.2
2017,9950,-1,15784,0,1.0
2019,23432,0,6000,0,2.0
2019,14889,-1,6000,0,1.0
2019,20990,0,3194,0,2.0
2017,9990,-1,45273,0,1.2
2014,6450,-1,56756,0,1.2
2017,10950,-1,13700,0,1.2
2017,9490,-1,19938,0,1.0
2020,21490,0,5000,0,2.0
2016,11990,0,13321,0,1.2
2017,14990,0,24217,0,1.8
2019,13690,-1,6000,0,1.0
2018,13990,-1,11320,0,1.0
2019,11990,-1,15629,0,1.0
2019,14889,-1,6000,0,1.0
2016,10990,-1,39000,0,1.0
2016,12990,-1,26158,0,1.4
2017,10990,-1,24400,0,1.2
2016,9490,-1,39650,0,1.2
2019,20990,0,406,0,2.0
2020,15219,-1,6000,0,1.0
2016,7995,-1,32188,0,1.0
2016,9995,0,33565,0,1.2
2015,8495,0,30800,0,1.2
2017,8691,-1,33366,0,1.0
2017,10295,-1,17000,0,1.0
2018,11995,-1,21000,0,1.0
2017,9999,-1,24442,0,1.0
2019,14450,-1,352,0,1.0
2017,10490,-1,30261,0,1.2
2019,19490,0,6594,0,2.0
2019,19490,1,6000,0,1.0
2016,8990,-1,28656,0,1.0
2019,13490,-1,13504,0,1.0
2017,12495,-1,13607,0,1.2
2019,14990,-1,17872,0,1.0
2017,11290,-1,17000,0,1.2
2018,11995,-1,10839,0,1.0
2019,14782,-1,6000,0,1.0
2016,10250,-1,26690,0,1.2
2019,23193,0,6000,0,2.0
2017,11995,0,30000,0,1.2
2020,14990,-1,3437,0,1.0
2017,10990,-1,34512,0,1.2
2015,10891,0,18529,0,1.2
2016,7851,-1,56545,0,1.2
2013,7291,-1,49241,0,1.2
2017,9000,-1,24852,0,1.0
2017,9795,-1,23598,0,1.2
2016,12600,-1,30016,0,1.8
2019,11790,-1,11672,0,1.0
2016,8991,-1,40335,0,1.2
2016,10291,-1,7859,0,1.0
2015,7791,-1,46602,0,1.2
2019,19191,0,6595,0,2.0
2017,10790,-1,20140,0,1.2
2017,12690,0,19181,0,1.2
2019,11980,-1,11258,0,1.0
2019,12140,-1,22150,0,1.0
2019,11650,-1,20158,0,1.0
2019,11700,-1,18534,0,1.0
2019,12140,-1,19536,0,1.0
2016,9490,-1,17464,0,1.2
2016,9690,-1,34090,0,1.2
2017,9690,-1,27019,0,1.2
2019,13126,-1,3811,0,1.0
2017,10672,-1,11520,0,1.0
2016,8912,-1,24966,0,1.0
2017,10052,-1,23072,0,1.0
2017,9682,-1,29500,0,1.0
2019,19291,0,4013,0,2.0
2017,9602,-1,29000,0,1.0
2015,10490,0,24637,0,1.2
2019,15126,0,5408,0,1.0
2017,10981,-1,57640,0,1.2
2019,15990,-1,7150,0,1.0
2017,10990,-1,26712,0,1.2
2016,9490,-1,27419,0,1.0
2019,14990,1,8363,0,1.0
2017,9781,-1,22047,0,1.0
2019,14990,1,7094,0,1.0
2018,13990,-1,11320,0,1.0
2019,22952,0,6000,0,2.0
2015,8352,-1,67321,0,1.4
2019,15874,-1,3130,0,1.0
2018,12000,-1,15000,0,1.0
2018,11899,-1,10000,0,1.0
2014,8540,0,27580,0,1.4
2013,8000,0,72150,0,1.4
2019,14246,-1,2000,0,1.0
2019,11999,-1,3286,0,1.0
2019,14999,-1,4436,0,1.0
2019,11999,-1,12680,0,1.0
2019,11999,-1,7948,0,1.0
2019,13776,-1,10012,0,1.0
2017,10499,-1,30000,0,1.2
2018,12999,-1,3000,0,1.0
2016,10000,-1,19200,0,1.2
2017,10466,-1,16104,0,1.2
2016,10222,-1,18587,0,1.2
2016,10999,-1,21437,0,1.0
2017,10272,-1,19450,0,1.0
2017,11499,-1,22898,0,1.2
2016,9999,-1,31796,0,1.0
2019,11999,-1,4119,0,1.0
2019,11999,-1,4336,0,1.0
2018,12499,-1,14631,0,1.0
2019,19999,0,5000,0,2.0
2016,13999,0,22796,0,1.4
2015,8999,-1,6953,0,1.0
2019,12999,-1,2660,0,1.0
2019,16130,0,2833,0,1.0
2016,9300,-1,14224,0,1.0
2017,10499,-1,24361,0,1.2
2019,11999,-1,12104,0,1.0
2019,11999,-1,11676,0,1.0
2016,9499,-1,8100,0,1.0
2019,15246,1,2647,0,1.0
2016,9999,-1,19321,0,1.2
2017,9999,-1,26226,0,1.0
2016,9999,-1,14079,0,1.2
2015,8495,-1,24193,0,1.0
2014,8495,-1,24989,0,1.4
2017,8995,-1,34690,0,1.0
2017,9999,-1,15800,0,1.0
2018,10999,-1,17150,0,1.0
2017,9999,-1,25138,0,1.2
2017,11995,-1,13375,0,1.2
2018,13495,0,20064,0,1.0
2019,17950,0,1225,0,1.0
2020,15500,-1,1000,0,1.0
2015,9195,0,22150,0,1.2
2016,10795,-1,29607,0,1.0
2017,11290,-1,6741,0,1.0
2020,14950,-1,1000,0,1.0
2019,11890,-1,14500,0,1.0
2020,15500,-1,1500,0,1.0
2019,17950,0,5000,0,1.0
2018,10995,-1,14641,0,1.2
2013,10390,0,28000,0,1.4
2015,7140,-1,36413,0,1.0
2017,9990,-1,35610,0,1.2
2020,15500,-1,1500,0,1.0
2014,7390,-1,42500,1,1.4
2020,17400,0,100,0,1.0
2016,9650,-1,34262,0,1.2
2016,11530,1,6725,0,1.2
2016,9990,-1,22223,0,1.2
2016,10300,0,28115,0,1.2
2017,9490,-1,35200,0,1.0
2019,11750,-1,11600,0,1.0
2019,18950,0,5000,0,1.0
2019,17990,0,6308,0,1.0
2019,13800,1,12200,0,1.0
2019,12250,-1,11703,0,1.0
2016,11000,-1,13666,0,1.2
2017,10250,-1,18758,0,1.0
2017,13990,0,12246,0,1.2
2018,12290,-1,23282,0,1.0
2013,8790,-1,35784,0,1.4
2018,11990,-1,4998,0,1.0
2017,11990,0,29830,0,1.2
2015,7990,-1,34737,0,1.0
2017,12990,0,15930,0,1.2
2019,13250,-1,13904,0,1.0
2016,8900,-1,34505,0,1.0
2019,15690,1,4996,0,1.0
2016,10000,-1,22735,0,1.2
2017,10690,-1,25012,0,1.2
2019,16790,-1,3022,0,1.0
2019,16490,-1,4806,0,1.0
2016,8750,-1,45398,0,1.2
2016,8500,-1,27174,0,1.0
2017,13000,0,11101,0,1.2
2016,11490,0,24213,0,1.2
2019,11750,-1,10910,0,1.0
2018,11000,-1,36455,0,1.0
2019,11750,-1,11994,0,1.0
2017,10690,-1,25013,0,1.2
2018,14290,-1,12625,0,1.0
2018,14490,0,14310,0,1.0
2019,15490,-1,5938,0,1.0
2017,10000,-1,34541,0,1.2
2015,11490,0,12026,0,1.2
2019,15690,0,3425,0,1.0
2019,16490,-1,5980,0,1.0
2019,16790,-1,3165,0,1.0
2014,7990,-1,29761,0,1.2
2017,13490,0,10424,0,1.2
2017,9990,-1,21777,0,1.0
2019,15690,1,4659,0,1.0
2018,11990,-1,22175,0,1.0
2016,12990,0,7749,0,1.2
2018,11290,-1,6112,0,1.0
2020,14995,-1,320,0,1.0
2016,9995,-1,21595,0,1.2
2019,12995,-1,6671,0,1.0
2017,9995,-1,34092,0,1.0
2017,11490,-1,7483,0,1.2
2018,12290,-1,15181,0,1.0
2017,10690,-1,35861,0,1.2
2017,12990,0,21576,0,1.2
2016,10290,-1,20360,0,1.2
2017,11290,-1,15865,0,1.2
2019,14990,0,12423,0,1.0
2018,11795,-1,27998,0,1.0
2016,9891,-1,16030,0,1.2
2019,15690,1,7660,0,1.0
2020,16190,1,4150,0,1.0
2014,7991,-1,42569,0,1.2
2019,11990,-1,5356,0,1.0
2019,12191,-1,19807,0,1.0
2016,9818,-1,23562,0,1.2
2019,13481,-1,9238,0,1.0
2017,10181,-1,37587,0,1.2
2019,11388,-1,10038,0,1.0
2017,9991,-1,41319,0,1.2
2017,10691,-1,28233,0,1.2
2017,13491,0,5453,0,1.2
2018,11995,-1,17969,0,1.0
2016,12890,0,9655,0,1.0
2019,12000,-1,12881,0,1.0
2019,12000,-1,10748,0,1.0
2017,10941,-1,13759,0,1.0
2016,10046,-1,18783,0,1.2
2019,15690,1,4463,0,1.0
2019,15690,1,4921,0,1.0
2019,15690,0,4885,0,1.0
2019,15690,1,4369,0,1.0
2019,15690,1,4698,0,1.0
2020,15750,-1,1000,0,1.0
2015,8990,-1,27549,0,1.2
2019,13200,-1,10899,0,1.0
2018,11795,-1,10364,0,1.0
2017,9495,-1,29018,0,1.2
2016,12295,0,13031,0,1.2
2016,9995,-1,17242,0,1.2
2017,10800,-1,13663,0,1.2
2017,10200,-1,24609,0,1.2
2020,18795,0,1000,0,1.0
2017,10895,-1,14056,0,1.2
2016,9995,-1,36540,0,1.0
2016,9995,-1,16444,0,1.0
2019,11649,-1,12677,0,1.0
2016,9295,-1,33733,0,1.2
2020,14995,-1,2500,0,1.0
2019,12000,-1,11451,0,1.0
2016,9495,-1,25722,0,1.2
2016,9995,-1,16744,0,1.0
2020,16500,-1,2500,0,1.0
2020,14451,-1,1053,0,1.0
2020,14391,-1,1952,0,1.0
2019,11790,-1,10056,0,1.0
2017,10995,-1,16302,0,1.2
2019,14490,-1,4000,0,1.0
2019,13990,-1,5758,0,1.0
2019,14290,0,10324,0,1.0
2019,16490,-1,2902,0,1.0
2019,13490,-1,9367,0,1.0
2018,12790,-1,9788,0,1.0
2019,14690,-1,1276,0,1.0
2019,15990,-1,3268,0,1.0
2017,10490,-1,24730,0,1.2
2019,14790,-1,3012,0,1.0
2016,12290,0,12966,0,1.2
2016,13490,0,5702,0,1.2
2017,13690,0,9466,0,1.2
2017,11221,-1,19213,0,1.2
2016,11695,1,1700,0,1.2
2014,10995,0,6000,0,1.2
2014,7790,-1,27704,0,1.0
2017,10990,0,39812,0,1.2
2019,14190,0,13125,0,1.0
2016,9490,-1,17938,0,1.0
2019,16490,-1,4173,0,1.0
2016,10790,0,31811,0,1.2
2019,15690,0,4000,0,1.0
2019,15690,0,4000,0,1.0
2019,15790,0,4000,0,1.0
2017,11490,-1,17736,0,1.2
2019,11990,-1,15835,0,1.0
2018,14290,-1,4402,0,1.0
2016,9990,-1,20889,0,1.2
2016,10895,1,5845,0,1.2
2017,11490,0,36248,0,1.2
2019,15990,-1,3222,0,1.0
2016,13290,0,12215,0,1.2
2019,11690,-1,11631,0,1.0
2017,13990,0,8119,0,1.2
2017,13490,0,3780,0,1.2
2016,11490,0,11225,0,1.2
2016,9290,-1,37541,0,1.2
2017,11490,-1,14201,0,1.2
2017,11290,-1,10027,0,1.2
2017,13390,0,10296,0,1.2
2017,11990,0,21271,0,1.2
2019,16790,-1,3408,0,1.0
2019,16490,-1,4236,0,1.0
2019,13490,-1,9863,0,1.0
2019,12390,-1,10929,0,1.0
2019,12990,-1,14332,0,1.0
2019,13390,-1,9033,0,1.0
2017,9890,-1,28063,0,1.0
2019,11990,-1,12877,0,1.0
2019,11990,-1,13470,0,1.0
2019,16490,-1,5307,0,1.0
2019,16790,-1,2710,0,1.0
2016,9690,-1,36000,1,1.4
2017,12690,-1,25000,0,1.4
2014,8500,-1,38000,0,1.2
2017,11990,-1,7800,0,1.0
2018,14500,-1,3500,0,1.0
2018,11990,-1,12900,0,1.0
2019,13500,-1,9900,0,1.0
2017,11500,-1,18000,0,1.2
2017,11000,-1,21000,0,1.2
2015,7991,-1,30339,0,1.2
2016,10991,-1,15491,0,1.2
2019,18990,0,5218,0,2.0
2019,12471,-1,14991,0,1.0
2016,13495,0,34558,0,1.8
2016,9999,-1,17363,0,1.2
2017,10991,-1,24268,0,1.2
2016,10591,-1,16894,0,1.2
2017,10491,-1,19225,0,1.2
2018,12390,-1,8375,0,1.0
2015,9492,-1,16039,0,1.0
2017,11492,-1,15787,0,1.2
2016,8891,-1,24497,0,1.0
2017,10591,-1,27711,0,1.2
2018,11495,-1,32000,0,1.0
2019,12495,-1,5000,0,1.0
2016,12495,0,13800,0,1.0
2016,8795,-1,32000,0,1.2
2016,10995,0,18500,0,1.2
2016,9695,0,31500,0,1.2
2017,12495,-1,4100,0,1.2
2019,14995,-1,500,0,1.0
2020,18490,0,6000,0,2.0
2018,12991,-1,4500,0,1.0
2018,12991,-1,4000,0,1.0
2016,10491,-1,7811,0,1.2
2016,10491,-1,25082,0,1.2
2018,12491,-1,11600,0,1.0
2017,10295,-1,33200,0,1.2
2018,12995,-1,8600,0,1.0
2018,12900,-1,1500,0,1.0
2018,11990,-1,19900,0,1.0
2019,18441,0,3000,0,1.0
2017,12191,0,17573,0,1.2
2019,11990,-1,13606,0,1.0
2016,9690,-1,22218,0,1.0
2016,11490,0,17131,0,1.2
2017,15990,0,20454,0,1.8
2018,13690,-1,17277,0,1.0
2019,16790,-1,4000,0,1.0
2018,12490,-1,15603,0,1.0
2019,15390,0,4000,0,1.0
2019,15690,0,4000,0,1.0
2017,11690,-1,11482,0,1.2
2016,9490,-1,36162,0,1.0
2018,11795,-1,12584,0,1.0
2019,17995,1,1500,0,1.0
2016,12790,0,10498,0,1.2
2017,11000,-1,14800,0,1.2
2016,8499,-1,45000,0,1.2
2019,17490,0,2500,0,1.0
2020,22900,0,3000,0,2.0
2018,9995,-1,22863,0,1.0
2017,7995,-1,54394,0,1.0
2019,16995,0,100,0,1.0
2017,10495,-1,29588,0,1.2
2017,12101,0,5600,0,1.2
2017,13991,0,22011,0,1.4
2018,13691,0,17648,0,1.0
2016,10995,-1,10501,0,1.2
2018,12495,-1,7763,0,1.0
2017,10251,-1,10863,0,1.0
2019,15541,0,471,0,1.0
2019,15491,0,2105,0,1.0
2016,7995,-1,46440,0,1.2
2019,17690,0,4471,0,1.0
2017,10495,-1,16482,0,1.0
2019,14995,-1,250,0,1.0
2020,15995,-1,2000,0,1.0
2020,18495,-1,1000,0,1.0
2017,10995,-1,15685,0,1.2
2019,11790,-1,10405,0,1.0
2019,15690,-1,5456,0,1.0
2019,14995,-1,3930,0,1.0
2019,13995,-1,2275,0,1.0
2019,13990,-1,11615,0,1.0
2017,10600,-1,20069,0,1.0
2017,10490,-1,11953,0,1.0
2017,11900,-1,16060,0,1.0
2017,12725,-1,6913,0,1.2
2017,11250,-1,23534,0,1.2
2017,10295,-1,32351,0,1.2
2017,9990,-1,18899,0,1.2
2017,10995,-1,28398,0,1.0
2016,10790,-1,16130,0,1.2
2016,8995,-1,37700,0,1.2
2018,14000,0,3103,0,1.0
2017,11000,0,17960,0,1.2
2017,12995,0,14500,0,1.2
2019,19995,0,7000,0,2.0
2017,10600,-1,27565,0,1.2
2017,12495,-1,6000,0,1.0
2015,9995,-1,29000,0,1.2
2015,9995,-1,12000,0,1.0
2017,11995,-1,10000,0,1.2
2019,11995,-1,8000,0,1.0
2019,14995,-1,6700,1,1.6
2017,12995,0,13000,0,1.2
2016,10995,-1,15000,0,1.2
2018,12495,-1,17000,0,1.0
2016,9995,-1,37000,0,1.2
2017,11695,-1,18801,0,1.2
2017,12495,0,18514,0,1.2
2017,12520,0,14077,0,1.2
2017,13495,0,8861,0,1.2
2017,10495,-1,29000,0,1.2
2018,14499,0,6000,0,1.0
2017,11495,-1,12982,0,1.2
2017,11499,-1,7129,0,1.2
2017,11199,-1,32350,0,1.2
2017,10299,-1,18820,0,1.0
2019,15995,-1,6401,0,1.0
2017,11495,-1,17378,0,1.2
2016,9995,-1,27253,0,1.2
2016,9495,-1,28000,0,1.2
2014,11995,0,11521,0,1.4
2016,10695,0,17100,0,1.2
2016,10995,-1,20912,0,1.2
2017,11495,-1,2495,0,1.0
2017,12995,0,19384,0,1.2
2019,14999,-1,6705,0,1.0
2020,15295,-1,1500,0,1.0
2017,10750,-1,13040,0,1.2
2017,12995,0,18608,0,1.2
2016,9995,-1,28537,0,1.2
2017,11795,-1,33044,0,1.2
2017,12995,0,12915,0,1.2
2019,15499,-1,1952,0,1.0
2017,9495,-1,31499,0,1.0
2016,10495,-1,23000,0,1.2
2017,12495,0,10300,0,1.2
2020,15995,0,2102,0,1.0
2017,9295,-1,29579,0,1.0
2017,11495,-1,20781,0,1.2
2016,11495,0,26951,0,1.2
2019,14221,-1,5800,0,1.0
2019,16999,0,2000,0,1.0
2014,7995,-1,45000,0,1.2
2015,9995,0,34000,0,1.2
2017,10995,-1,17513,0,1.0
2020,14583,-1,1770,0,1.0
2020,16490,0,2231,0,1.0
2020,16994,0,2104,0,1.0
2020,16499,0,2000,0,1.0
2019,14507,-1,1000,0,1.0
2017,11947,-1,10887,0,1.2
2016,9230,-1,23912,0,1.2
2019,13481,-1,9294,0,1.0
2016,10500,-1,16473,0,1.2
2020,14999,-1,2000,0,1.0
2017,10991,-1,13967,0,1.0
2015,9491,-1,25910,0,1.2
2019,12291,-1,8619,0,1.0
2017,10491,-1,24735,0,1.2
2020,14999,-1,2000,0,1.0
2020,14999,-1,2000,0,1.0
2016,9291,-1,38271,0,1.2
2017,11291,-1,20028,0,1.2
2017,10491,-1,18666,0,1.0
2019,12371,-1,15043,0,1.0
2019,11491,-1,16031,0,1.0
2016,10291,-1,11922,0,1.2
2017,11491,-1,20932,0,1.2
2017,10746,-1,26199,0,1.2
2014,8997,-1,24959,0,1.2
2020,15999,-1,2000,0,1.0
2019,16649,-1,3821,0,1.0
2017,11499,-1,15243,0,1.0
2019,14499,0,13400,0,1.0
2019,16999,0,3000,0,1.0
2019,17349,0,1446,0,1.0
2019,13830,-1,9998,0,1.0
2019,13590,-1,13525,0,1.0
2016,9899,-1,11109,0,1.2
2018,12000,-1,18872,0,1.0
2019,19849,0,2225,0,1.0
2019,12690,-1,13554,0,1.0
2017,10449,-1,30847,0,1.2
2016,9299,-1,23806,0,1.2
2020,20950,0,3538,0,2.0
2020,14950,-1,1968,0,1.0
2018,13099,-1,13239,0,1.0
2017,13499,0,3800,0,1.2
2019,15399,0,1889,0,1.0
2019,11495,-1,11345,0,1.0
2017,10328,-1,26941,0,1.2
2019,12295,-1,10755,0,1.0
2019,11495,-1,10133,0,1.0
2017,9495,-1,16694,0,1.0
2017,11297,-1,16722,0,1.2
2016,9244,-1,37656,0,1.2
2019,11495,-1,15907,0,1.0
2017,10656,-1,19036,0,1.2
2018,12999,-1,20055,0,1.0
2017,10649,-1,25412,0,1.2
2017,10899,-1,18208,0,1.2
2019,12995,-1,11723,1,1.6
2019,11495,-1,9551,0,1.0
2018,12995,-1,15645,0,1.0
2019,11495,-1,12459,0,1.0
2018,10795,-1,12143,0,1.0
2016,11999,-1,26194,0,1.4
2019,11741,-1,12291,0,1.0
2017,9991,-1,23964,0,1.0
2014,6984,-1,57573,0,1.2
2019,16490,1,2245,0,1.0
2016,10495,-1,11860,0,1.2
2019,12471,-1,14708,0,1.0
2017,10099,-1,25666,0,1.0
2017,8999,-1,43793,0,1.0
2019,12250,-1,1250,0,1.0
2017,10700,-1,21094,0,1.2
2018,13500,-1,13075,0,1.0
2016,11950,0,12100,0,1.2
2018,12500,-1,8555,0,1.0
2016,11500,-1,4682,0,1.2
2016,13950,0,18500,0,1.4
2015,9950,-1,13762,0,1.2
2019,14650,0,10050,0,1.0
2017,9677,-1,17913,0,1.0
2016,12899,-1,23437,0,1.8
2019,17850,0,2000,0,1.0
2016,11900,0,13588,0,1.2
2020,13900,-1,1600,0,1.0
2016,9990,-1,11780,0,1.2
2018,13495,-1,15504,0,1.0
2018,11850,-1,28500,0,1.0
2016,9250,-1,43250,0,1.2
2016,10250,-1,27850,0,1.2
2018,14950,0,1350,0,1.0
2019,21000,0,7100,0,2.0
2019,21000,0,3500,0,2.0
2017,11500,-1,10600,0,1.2
2018,14650,-1,3000,1,1.6
2016,10250,-1,27500,0,1.2
2017,11500,-1,13000,0,1.2
2015,8500,-1,40300,0,1.0
2017,11500,-1,17100,0,1.2
2018,11950,-1,27000,0,1.0
2019,11950,-1,7000,0,1.0
2019,20650,0,2500,0,2.0
2016,10000,-1,43600,0,1.0
2016,11500,-1,36900,0,1.2
2019,12829,-1,8703,0,1.0
2020,16999,0,5000,0,1.0
2015,9750,-1,27000,0,1.2
2017,11450,-1,16500,0,1.2
2016,12500,0,19000,0,1.2
2018,12500,-1,10600,0,1.0
2017,11800,-1,9900,0,1.2
2019,14799,-1,5404,0,1.0
2019,15000,-1,3000,0,1.0
2019,14500,-1,3000,0,1.0
2019,15000,-1,2000,0,1.0
2015,8500,-1,44765,0,1.0
2017,10650,0,46000,0,1.2
2016,10000,-1,23000,0,1.2
2009,1990,-1,65024,0,1.2
2017,13500,-1,17200,0,1.4
2008,4250,-1,62315,1,1.4
2019,13750,-1,4000,0,1.0
2011,4495,-1,72850,0,1.2
2008,3195,-1,58500,0,1.4
2016,9599,-1,10907,0,1.2
2017,11699,-1,27500,0,1.0
2016,9999,-1,17756,0,1.2
2016,14299,-1,7800,0,1.8
2016,7995,-1,35000,0,1.0
2014,7995,-1,36742,0,1.0
2014,7995,-1,28709,1,1.4
2018,12299,-1,17000,0,1.0
2017,9999,-1,15000,0,1.0
2015,9399,-1,35786,0,1.2
2019,13799,-1,3659,0,1.0
2017,10999,1,22893,0,1.2
2005,1495,-1,96000,0,1.2
2016,9999,-1,27125,0,1.2
2019,14699,-1,3100,0,1.0
2019,12499,-1,3086,0,1.0
2019,14499,-1,1623,0,1.0
2013,6995,-1,33407,0,1.2
2011,4495,-1,67350,1,1.2
2009,4299,-1,21000,0,1.4
2016,9299,-1,36001,0,1.2
2019,13499,-1,13033,1,1.6
2020,14999,-1,1309,0,1.0
2020,17999,-1,4030,0,1.0
2016,8999,-1,40710,0,1.2
2017,10299,-1,14500,0,1.2
2017,10199,-1,18640,0,1.0
2017,9499,-1,23000,0,1.0
2016,9299,-1,15000,0,1.0
2013,5999,-1,57807,0,1.2
2016,8900,-1,11800,0,1.0
2019,14499,-1,932,0,1.0
2017,13799,1,25182,0,1.4
2020,17299,1,1000,0,1.0
2016,10500,-1,8900,0,1.0
2019,18000,1,3000,0,1.0
2017,10299,-1,25432,0,1.2
2015,8799,-1,26200,0,1.2
2007,2995,1,106000,0,1.4
2008,4695,-1,50000,1,1.4
2017,9599,-1,15912,0,1.0
2007,1450,-1,107000,0,1.2
2016,10480,-1,34000,0,1.0
2017,8299,-1,35115,0,1.0
2019,13199,-1,10517,1,1.6
2016,10221,0,32127,0,1.2
2017,11679,-1,31716,0,1.4
2017,9684,-1,20954,0,1.2
2018,11997,-1,15641,0,1.0
2015,8290,-1,27000,0,1.0
2015,7290,-1,43000,0,1.0
2016,10500,-1,16600,0,1.2
2014,6650,-1,42555,0,1.2
2014,5995,-1,64207,1,1.2
2017,10666,-1,18494,0,1.2
2017,9690,-1,18085,0,1.0
2016,8790,-1,51500,0,1.2
2017,10200,-1,17156,0,1.0
2016,10700,-1,45750,0,1.4
2015,8000,-1,23836,0,1.0
2017,10000,-1,13544,0,1.0
2014,9300,-1,22543,0,1.2
2017,10200,-1,22781,0,1.2
2013,10800,1,35653,0,1.4
2015,10000,1,27407,0,1.2
2019,13000,-1,1595,0,1.0
2014,7000,-1,17238,0,1.0
2016,9500,-1,21514,0,1.0
2016,10600,-1,17049,0,1.2
2016,9200,-1,21816,0,1.0
2017,10500,-1,24755,0,1.2
2016,10600,-1,17897,0,1.2
2015,8400,-1,21171,0,1.0
2017,15500,1,14004,0,1.8
2018,11750,-1,14000,0,1.0
2017,10750,-1,22000,0,1.2
2010,3350,-1,95400,0,1.2
2014,11500,1,32315,0,1.4
2017,11300,-1,13378,0,1.2
2019,13400,-1,9692,0,1.0
2016,9500,-1,21331,0,1.2
2015,9300,-1,24193,0,1.2
2015,8300,-1,43006,0,1.2
2016,9490,-1,34000,1,1.4
2015,6490,-1,50000,0,1.0
2015,5490,-1,62000,0,1.0
2015,6490,-1,39000,0,1.2
2014,6500,-1,50120,0,1.2
2014,5490,-1,54000,0,1.2
2014,6490,-1,38000,0,1.2
2015,5990,-1,47000,0,1.0
2016,6990,-1,62000,0,1.2
2016,11082,-1,13611,0,1.2
2016,6990,-1,40000,0,1.0
2018,11999,-1,11432,0,1.0
2018,13699,1,8502,0,1.0
2016,7999,-1,26655,0,1.0
2017,8250,-1,29689,0,1.2
2016,13800,1,24749,0,1.8
2017,11410,1,28208,0,1.2
2014,7289,-1,24790,1,1.4
2014,6772,-1,71094,0,1.2
2014,5899,-1,72125,0,1.2
2016,13499,1,12635,0,1.4
2016,12999,1,29380,0,1.8
2016,6490,-1,31000,0,1.0
2018,13799,-1,11918,0,1.0
2012,6320,-1,54042,0,1.4
2015,8164,-1,30274,0,1.2
2016,9350,-1,18291,0,1.2
2015,6990,-1,27000,0,1.2
2015,8990,-1,35000,0,1.4
2014,8534,-1,20667,0,1.2
2017,10299,-1,11845,0,1.2
2012,5399,-1,40983,0,1.2
2016,8899,-1,13171,0,1.2
2016,11199,1,15046,0,1.0
2016,9191,-1,20895,0,1.2
2016,10749,1,39717,0,1.2
2012,5475,-1,40122,0,1.2
2017,11484,-1,9451,0,1.2
2016,9400,1,53197,0,1.2
2016,9199,-1,23372,0,1.2
2013,6872,-1,57000,0,1.2
2017,9640,-1,37778,1,1.4
2017,10899,-1,9590,0,1.2
2017,9799,-1,36740,0,1.2
2015,11299,1,27019,0,1.4
2016,9185,-1,22641,0,1.0
2017,9740,-1,34070,1,1.4
2017,10214,-1,22385,0,1.0
2016,8999,-1,15349,0,1.2
2017,12999,1,1536,0,1.2
2016,7899,-1,39707,0,1.2
2014,7458,-1,27087,0,1.0
2016,7860,-1,31729,0,1.0
2014,7430,-1,29963,0,1.0
2013,8940,1,63617,0,1.4
2016,9690,-1,22358,0,1.2
2019,17290,1,246,0,1.0
2015,6995,-1,50125,0,1.0
2011,5440,-1,48000,0,1.4
2011,5340,-1,51000,0,1.2
2017,9740,-1,23741,0,1.2
2015,8199,-1,38816,0,1.2
2017,11349,-1,28150,0,1.0
2017,10161,-1,27366,0,1.2
2016,10000,-1,19358,0,1.2
2017,9899,-1,17351,0,1.0
2017,9499,-1,22034,0,1.2
2015,7690,-1,36149,0,1.2
2013,7398,-1,38197,0,1.4
2014,7708,-1,46538,0,1.2
2015,7168,-1,46453,0,1.0
2011,8650,1,43931,0,1.4
2016,10248,1,33060,0,1.2
2016,8799,-1,27532,0,1.2
2016,8999,-1,35007,0,1.2
2017,9290,-1,39758,0,1.2
2015,9495,1,16507,0,1.2
2017,14653,-1,11684,0,1.8
2016,7870,-1,24441,0,1.0
2015,8190,-1,35718,0,1.0
2013,8931,-1,28896,0,1.2
2018,10733,-1,15178,0,1.0
2017,9990,-1,18000,0,1.2
2015,9499,-1,9557,0,1.2
2017,9990,-1,12899,0,1.2
2014,9999,1,21099,0,1.2
2019,13490,-1,2489,0,1.0
2019,21990,1,1546,0,2.0
2016,8990,-1,23351,0,1.0
2009,3299,-1,91085,1,1.4
2010,4999,1,37989,0,1.4
2012,5995,-1,38776,0,1.4
2019,13989,-1,6500,1,1.6
2011,6000,-1,40000,0,1.2
2017,13800,-1,11461,0,1.4
2015,8400,-1,32236,0,1.0
2017,14000,1,15947,0,1.4
2017,12300,-1,29774,0,1.8
2018,11500,-1,14739,0,1.0
2013,6200,-1,32595,0,1.2
2016,9000,-1,27333,0,1.2
2014,7600,-1,42228,0,1.2
2018,10600,-1,20000,0,1.0
2017,9900,-1,21854,0,1.0
2016,8900,-1,30538,0,1.0
2016,10500,0,28248,0,1.2
2016,10000,0,36918,0,1.2
2017,10100,-1,26000,0,1.2
2016,8900,-1,18065,0,1.0
2016,9595,-1,10900,0,1.2
2017,9999,-1,17099,0,1.0
2019,12900,-1,12865,0,1.0
2016,13000,-1,22758,0,1.8
2016,13100,-1,24787,0,1.8
2016,10000,0,38953,0,1.2
2016,8200,-1,42184,0,1.2
2016,13700,0,26593,0,1.8
2016,13400,-1,24379,0,1.8
2017,10200,-1,27548,0,1.2
2016,9995,-1,29505,0,1.2
2016,13600,-1,18225,0,1.8
2017,11200,-1,5536,0,1.0
2017,10500,-1,27643,0,1.2
2016,12300,1,10548,0,1.2
2016,10000,-1,21745,0,1.0
2017,10000,-1,38789,0,1.2
2016,12700,-1,17914,0,1.4
2013,6000,-1,56105,0,1.2
2018,12500,-1,17090,0,1.0
2016,14800,1,22746,0,1.8
2015,10800,-1,11580,0,1.2
2017,10900,-1,20278,0,1.2
2015,9400,-1,37207,0,1.2
2017,16000,1,16363,0,1.8
2017,10000,-1,13263,0,1.0
2016,10100,-1,15739,0,1.2
2017,10500,-1,23311,0,1.0
2016,9700,-1,38044,0,1.2
2016,12300,1,10872,0,1.2
2016,10400,-1,19965,0,1.2
2017,10500,-1,7373,0,1.2
2016,10000,-1,29591,0,1.2
2015,10500,1,22841,0,1.2
2016,8500,-1,43252,0,1.2
2016,9300,-1,29846,0,1.0
2015,9300,-1,32803,0,1.2
2016,8800,-1,29379,0,1.2
2018,12300,-1,24762,0,1.0
2015,10000,-1,27810,0,1.2
2016,9200,-1,26141,0,1.0
2018,11200,-1,15776,0,1.2
2016,9800,-1,35174,0,1.2
2018,16400,1,20823,0,2.0
2019,14000,-1,5944,1,1.6
2013,7500,-1,44437,0,1.2
2019,13400,-1,6530,0,1.0
2016,9800,-1,18025,0,1.2
2017,10300,-1,14345,0,1.2
2013,8100,-1,37720,0,1.4
2017,12000,1,19246,0,1.2
2017,13000,-1,26566,0,1.4
2017,9300,-1,24687,0,1.0
2016,10700,-1,9613,0,1.2
2016,10000,-1,29533,0,1.2
2016,13500,-1,30077,0,1.8
2018,12500,-1,24499,0,1.0
2016,9800,-1,21546,0,1.2
2017,8795,-1,24680,0,1.0
2019,13789,-1,5073,0,1.0
2020,15231,-1,1822,0,1.0
2016,7489,-1,31127,0,1.0
2017,9389,-1,31831,0,1.0
2018,11689,-1,24231,0,1.0
2017,11489,-1,11489,0,1.2
2016,8789,-1,22476,0,1.0
2017,9900,-1,24000,0,1.2
2018,12500,-1,13234,0,1.0
2016,7699,-1,54503,0,1.0
2016,9999,1,38058,0,1.2
2020,14437,-1,1001,0,1.0
2020,15210,-1,1001,0,1.0
2014,7500,-1,46927,0,1.2
2018,12989,1,21019,0,1.0
2017,9899,-1,29700,0,1.2
2016,8559,-1,24340,0,1.0
2017,10489,-1,18101,0,1.2
2016,9289,-1,30996,0,1.0
2015,6500,-1,55533,0,1.0
2016,8389,-1,32216,1,1.4
2016,7195,-1,46850,0,1.0
2016,9995,0,38321,0,1.2
2017,12799,0,6000,0,1.2
2020,19625,1,3388,0,1.0
2012,7625,1,29082,0,1.4
2012,6285,1,69056,0,1.4
2016,7999,-1,33721,0,1.0
2017,9499,-1,15112,0,1.0
2013,5975,-1,63152,0,1.2
2014,10185,-1,34500,0,1.4
2014,7441,-1,23200,0,1.0
2016,11450,-1,13200,0,1.0
2013,5999,-1,51257,1,1.2
2016,12999,-1,38254,0,1.8
2016,10999,1,23750,0,1.2
2017,10175,-1,22367,0,1.0
2017,10599,-1,20859,0,1.2
2019,12650,-1,10698,0,1.0
2019,14850,-1,11067,0,1.0
2017,9000,-1,36000,0,1.0
2015,6500,-1,77000,1,1.4
2019,12285,-1,14218,0,1.0
2019,12850,-1,11875,0,1.0
2019,13999,-1,4691,1,1.6
2019,12950,-1,3182,0,1.0
2020,14250,-1,1564,0,1.0
2016,9400,-1,27150,1,1.4
2017,10500,-1,24000,0,1.2
2016,7875,-1,29549,0,1.0
2016,7999,-1,50291,0,1.2
2017,10000,-1,24341,0,1.2
2017,11200,-1,10250,0,1.2
2015,9000,1,35478,0,1.2
2019,12999,-1,10686,0,1.0
2017,9489,-1,15442,0,1.0
2018,13295,-1,189,1,1.6
2014,9620,1,18229,0,1.2
2016,8350,-1,32598,0,1.2
2017,8491,-1,29562,0,1.0
2020,15425,-1,1085,0,1.0
2017,9999,-1,13242,0,1.0
2017,9700,-1,28984,1,1.4
2017,9000,-1,25142,0,1.0
2017,8799,-1,47950,0,1.2
2015,10799,1,8137,0,1.2
2011,4899,-1,72000,0,1.2
2014,8699,-1,44111,0,1.4
2015,8699,-1,20068,0,1.0
2011,6695,-1,31000,0,1.4
2013,8500,-1,42378,0,1.2
2017,14250,1,24861,0,1.8
2016,8499,-1,20933,0,1.0
2017,14199,1,26552,0,1.8
2015,8074,-1,37848,0,1.0
2017,10499,-1,9680,0,1.0
2017,10407,-1,10606,0,1.0
2016,9349,-1,34326,0,1.2
2018,11599,-1,10437,0,1.2
2012,5299,-1,66892,0,1.2
2015,7099,-1,61308,0,1.0
2014,7290,-1,27896,0,1.4
2016,11750,-1,36220,0,1.4
2016,10499,-1,9318,0,1.2
2017,9499,-1,26134,0,1.0
2012,5450,-1,62432,0,1.2
2016,10295,-1,30151,0,1.4
2016,8395,-1,49005,0,1.2
2018,11950,-1,24000,0,1.0
2012,6450,1,38405,0,1.4
2016,9249,-1,28081,0,1.2
2008,2350,-1,103000,0,1.4
2017,10950,-1,14364,0,1.2
2017,15450,-1,15000,0,1.8
2014,8950,-1,34000,0,1.2
2016,9499,-1,30672,0,1.2
2016,9950,-1,30117,0,1.2
2017,10999,-1,14528,0,1.2
2007,2999,-1,83000,0,1.4
2020,17450,-1,1000,0,1.0
2020,16450,-1,1000,0,1.0
2011,5499,1,58295,0,1.4
2016,10249,-1,37831,0,1.4
2020,15950,1,1000,0,1.0
2016,13950,1,7913,0,1.4
2017,10950,-1,24528,0,1.2
2016,14750,1,23210,0,1.8
2018,12750,-1,11333,0,1.0
2019,13450,-1,14150,0,1.0
2015,7450,-1,34410,0,1.0
2018,13450,-1,12954,0,1.0
2018,12950,-1,17707,0,1.0
2016,8950,-1,36964,0,1.2
2017,10450,-1,25294,0,1.2
2016,11890,-1,35209,0,1.4
2019,13450,-1,13388,0,1.0
2017,10950,-1,11518,0,1.2
2016,13390,1,26595,0,1.4
2013,7390,-1,52638,0,1.2
2016,9390,-1,22691,0,1.2
2014,8390,-1,22649,0,1.2
2017,8790,-1,27604,0,1.0
2016,8390,-1,28720,0,1.0
2018,14480,-1,18378,0,1.0
2015,6000,-1,96090,0,1.2
2017,8990,-1,32860,0,1.0
2015,8500,1,37930,0,1.2
2016,9490,-1,35502,0,1.2
2016,13490,-1,23175,0,1.8
2017,12990,-1,23787,0,1.4
2017,14890,1,17489,0,1.8
2019,14290,-1,1810,0,1.0
2018,17490,1,18954,0,2.0
2014,8295,-1,32386,0,1.2
2018,13995,-1,11419,0,1.0
2015,9495,1,18503,0,1.2
2015,6995,-1,57323,0,1.2
2017,10370,-1,17300,0,1.0
2018,12260,-1,5070,0,1.0
2017,9690,-1,14517,0,1.0
2018,13366,-1,23599,0,1.0
2018,12689,-1,9049,0,1.0
2016,8760,-1,30000,0,1.0
2016,8337,-1,32688,0,1.2
2016,9630,-1,14253,0,1.0
2018,13610,1,5966,0,1.2
2019,11425,-1,11687,0,1.0
2019,12425,-1,10413,0,1.0
2020,14895,-1,1674,0,1.0
2014,7995,1,40722,0,1.4
2018,11990,-1,12768,0,1.0
2019,20995,1,2078,0,2.0
2017,12990,1,44661,0,1.4
2019,11990,-1,8500,0,1.0
2016,9749,-1,22811,0,1.2
2017,10990,-1,18456,0,1.2
2017,10749,-1,19404,0,1.2
2017,9990,-1,32136,0,1.2
2016,9399,-1,22000,0,1.2
2017,9249,-1,41000,1,1.4
2017,11295,-1,8400,0,1.2
2017,9990,-1,22399,0,1.2
2016,9240,-1,37268,0,1.2
2016,9495,-1,26000,0,1.2
2019,13395,-1,9234,0,1.0
2017,11995,-1,25304,0,1.0
2016,8990,-1,35067,0,1.0
2016,9990,-1,32000,0,1.2
2020,14990,-1,1295,0,1.0
2017,12990,1,13487,0,1.2
2020,15990,-1,1000,0,1.0
2011,5295,-1,72000,0,1.2
2010,3995,-1,88000,0,1.2
2010,3695,-1,102000,1,1.6
2016,9490,-1,19170,0,1.0
2018,13290,-1,8484,0,1.0
2017,10490,-1,22445,0,1.2
2018,12990,-1,10315,0,1.0
2018,12999,-1,18086,0,1.0
2017,12290,-1,27608,0,1.4
2017,9890,-1,36952,0,1.2
2015,8490,-1,36571,0,1.2
2019,18495,-1,1870,0,1.0
2016,8749,-1,19913,0,1.2
2017,8990,-1,50000,0,1.2
2019,13790,-1,4488,1,1.6
2016,8790,-1,58621,0,1.2
2017,13490,1,16512,0,1.2
2019,13290,-1,8173,0,1.0
2016,8990,-1,18000,0,1.2
2020,17490,-1,100,0,1.0
2018,12890,-1,3134,0,1.0
2017,9290,-1,43676,0,1.2
2019,13290,-1,7219,0,1.0
2020,13990,-1,1007,0,1.0
2019,13290,-1,12784,0,1.0
2015,7990,-1,46793,0,1.0
2017,11490,-1,17214,0,1.2
2020,15990,-1,504,0,1.0
2017,8990,-1,53844,0,1.0
2017,15990,1,21216,0,1.8
2017,11490,-1,15277,0,1.2
2018,12790,-1,10171,0,1.0
2018,12990,-1,14597,0,1.0
2018,12490,-1,14152,0,1.0
2018,12990,-1,4702,0,1.0
2017,10490,-1,24611,0,1.2
2017,13490,1,14000,0,1.2
2012,7290,-1,40991,0,1.2
2017,11490,-1,25407,0,1.2
2016,10290,-1,13871,0,1.0
